#VRML V2.0 utf8

WorldInfo {
  info [
    "Generated by Open CASCADE Technology 8.0"
  ]
}
DEF assembly Group {
  children [
    DEF red_box Group {
      children [
        Shape {
          appearance DEF _materialFace_FIREBRICK3 Appearance {
            material Material {
              diffuseColor      0.85 0.1 0.1
            }
          }
          geometry IndexedFaceSet {
            solid       FALSE
            convex      FALSE
            coord Coordinate {
              point [
                0 0 0,
                0 0 30,
                0 20 0,
                0 20 30
              ]
            }
            coordIndex [
              1,2,0, -1,
              1,3,2, -1
            ]
            normal Normal {
              vector [
                -1 0 0,
                -1 0 0,
                -1 0 0,
                -1 0 0
              ]
            }
          }
        }
        Shape {
          appearance USE _materialFace_FIREBRICK3
          geometry IndexedFaceSet {
            solid       FALSE
            convex      FALSE
            coord Coordinate {
              point [
                10 0 0,
                10 0 30,
                10 20 0,
                10 20 30
              ]
            }
            coordIndex [
              1,0,2, -1,
              1,2,3, -1
            ]
            normal Normal {
              vector [
                1 0 0,
                1 0 0,
                1 0 0,
                1 0 0
              ]
            }
          }
        }
        Shape {
          appearance USE _materialFace_FIREBRICK3
          geometry IndexedFaceSet {
            solid       FALSE
            convex      FALSE
            coord Coordinate {
              point [
                0 0 0,
                10 0 0,
                0 0 30,
                10 0 30
              ]
            }
            coordIndex [
              3,0,1, -1,
              3,2,0, -1
            ]
            normal Normal {
              vector [
                0 -1 0,
                0 -1 0,
                0 -1 0,
                0 -1 0
              ]
            }
          }
        }
        Shape {
          appearance USE _materialFace_FIREBRICK3
          geometry IndexedFaceSet {
            solid       FALSE
            convex      FALSE
            coord Coordinate {
              point [
                0 20 0,
                10 20 0,
                0 20 30,
                10 20 30
              ]
            }
            coordIndex [
              3,1,0, -1,
              3,0,2, -1
            ]
            normal Normal {
              vector [
                0 1 0,
                0 1 0,
                0 1 0,
                0 1 0
              ]
            }
          }
        }
        Shape {
          appearance USE _materialFace_FIREBRICK3
          geometry IndexedFaceSet {
            solid       FALSE
            convex      FALSE
            coord Coordinate {
              point [
                0 0 0,
                0 20 0,
                10 0 0,
                10 20 0
              ]
            }
            coordIndex [
              3,0,1, -1,
              3,2,0, -1
            ]
            normal Normal {
              vector [
                0 0 -1,
                0 0 -1,
                0 0 -1,
                0 0 -1
              ]
            }
          }
        }
        Shape {
          appearance DEF _materialFace_GOLD Appearance {
            material Material {
              diffuseColor      1 0.85 0
            }
          }
          geometry IndexedFaceSet {
            solid       FALSE
            convex      FALSE
            coord Coordinate {
              point [
                0 0 30,
                0 20 30,
                10 0 30,
                10 20 30
              ]
            }
            coordIndex [
              3,1,0, -1,
              3,0,2, -1
            ]
            normal Normal {
              vector [
                0 0 1,
                0 0 1,
                0 0 1,
                0 0 1
              ]
            }
          }
        }
      ]
    }
    Transform {
      translation 25 10 0
      rotation    0 0 1 0
      children [
        DEF blue_cylinder Group {
          children [
            Shape {
              appearance DEF _materialFace_ROYALBLUE3 Appearance {
                material Material {
                  diffuseColor      0.15 0.3 0.9
                }
              }
              geometry DEF _1 IndexedFaceSet {
                solid       FALSE
                convex      FALSE
                coord Coordinate {
                  point [
                    5 -1.7763568394e-15 20,
                    4.90392640202 0.975451610081 20,
                    4.61939766256 1.91341716183 20,
                    4.15734806151 2.7778511651 20,
                    3.53553390593 3.53553390593 20,
                    2.7778511651 4.15734806151 20,
                    1.91341716183 4.61939766256 20,
                    0.975451610081 4.90392640202 20,
                    0 5 20,
                    -0.975451610081 4.90392640202 20,
                    -1.91341716183 4.61939766256 20,
                    -2.7778511651 4.15734806151 20,
                    -3.53553390593 3.53553390593 20,
                    -4.15734806151 2.7778511651 20,
                    -4.61939766256 1.91341716183 20,
                    -4.90392640202 0.975451610081 20,
                    -5 -3.5527136788e-15 20,
                    -4.90392640202 -0.975451610081 20,
                    -4.61939766256 -1.91341716183 20,
                    -4.15734806151 -2.7778511651 20,
                    -3.53553390593 -3.53553390593 20,
                    -2.7778511651 -4.15734806151 20,
                    -1.91341716183 -4.61939766256 20,
                    -0.975451610081 -4.90392640202 20,
                    1.06581410364e-14 -5 20,
                    0.975451610081 -4.90392640202 20,
                    1.91341716183 -4.61939766256 20,
                    2.7778511651 -4.15734806151 20,
                    3.53553390593 -3.53553390593 20,
                    4.15734806151 -2.7778511651 20,
                    4.61939766256 -1.91341716183 20,
                    4.90392640202 -0.975451610081 20,
                    5 -1.7763568394e-15 20,
                    5 -1.7763568394e-15 0,
                    5 -1.7763568394e-15 0,
                    4.90392640202 0.975451610081 0,
                    4.61939766256 1.91341716183 0,
                    4.15734806151 2.7778511651 0,
                    3.53553390593 3.53553390593 0,
                    2.7778511651 4.15734806151 0,
                    1.91341716183 4.61939766256 0,
                    0.975451610081 4.90392640202 0,
                    0 5 0,
                    -0.975451610081 4.90392640202 0,
                    -1.91341716183 4.61939766256 0,
                    -2.7778511651 4.15734806151 0,
                    -3.53553390593 3.53553390593 0,
                    -4.15734806151 2.7778511651 0,
                    -4.61939766256 1.91341716183 0,
                    -4.90392640202 0.975451610081 0,
                    -5 -3.5527136788e-15 0,
                    -4.90392640202 -0.975451610081 0,
                    -4.61939766256 -1.91341716183 0,
                    -4.15734806151 -2.7778511651 0,
                    -3.53553390593 -3.53553390593 0,
                    -2.7778511651 -4.15734806151 0,
                    -1.91341716183 -4.61939766256 0,
                    -0.975451610081 -4.90392640202 0,
                    1.06581410364e-14 -5 0,
                    0.975451610081 -4.90392640202 0,
                    1.91341716183 -4.61939766256 0,
                    2.7778511651 -4.15734806151 0,
                    3.53553390593 -3.53553390593 0,
                    4.15734806151 -2.7778511651 0,
                    4.61939766256 -1.91341716183 0,
                    4.90392640202 -0.975451610081 0
                  ]
                }
                coordIndex [
                  1,0,33, -1,
                  1,33,35, -1,
                  1,35,36, -1,
                  2,1,36, -1,
                  3,36,37, -1,
                  3,37,38, -1,
                  3,2,36, -1,
                  4,3,38, -1,
                  5,38,39, -1,
                  5,4,38, -1,
                  6,39,40, -1,
                  6,5,39, -1,
                  7,40,41, -1,
                  7,6,40, -1,
                  8,7,41, -1,
                  8,41,42, -1,
                  9,8,42, -1,
                  9,42,43, -1,
                  10,9,43, -1,
                  10,43,44, -1,
                  11,10,44, -1,
                  11,44,45, -1,
                  12,11,45, -1,
                  12,45,46, -1,
                  13,12,46, -1,
                  13,46,47, -1,
                  14,13,47, -1,
                  14,47,48, -1,
                  15,14,48, -1,
                  15,48,49, -1,
                  16,15,49, -1,
                  16,49,50, -1,
                  17,16,50, -1,
                  17,50,51, -1,
                  18,17,51, -1,
                  18,51,52, -1,
                  19,18,52, -1,
                  19,52,53, -1,
                  20,19,53, -1,
                  20,53,54, -1,
                  21,20,54, -1,
                  21,54,55, -1,
                  21,55,56, -1,
                  22,56,57, -1,
                  22,21,56, -1,
                  23,22,57, -1,
                  24,57,58, -1,
                  24,58,59, -1,
                  24,23,57, -1,
                  25,24,59, -1,
                  26,59,60, -1,
                  26,25,59, -1,
                  27,60,61, -1,
                  27,61,62, -1,
                  27,26,60, -1,
                  28,27,62, -1,
                  29,62,63, -1,
                  29,28,62, -1,
                  30,63,64, -1,
                  30,29,63, -1,
                  31,64,65, -1,
                  31,65,34, -1,
                  31,30,64, -1,
                  32,31,34, -1
                ]
                normal Normal {
                  vector [
                    1 0 0,
                    0.980785280403 0.195090322016 0,
                    0.923879532511 0.382683432365 0,
                    0.831469612303 0.55557023302 0,
                    0.707106781187 0.707106781187 0,
                    0.55557023302 0.831469612303 0,
                    0.382683432365 0.923879532511 0,
                    0.195090322016 0.980785280403 0,
                    0 1 0,
                    -0.195090322016 0.980785280403 0,
                    -0.382683432365 0.923879532511 0,
                    -0.55557023302 0.831469612303 0,
                    -0.707106781187 0.707106781187 0,
                    -0.831469612303 0.55557023302 0,
                    -0.923879532511 0.382683432365 0,
                    -0.980785280403 0.195090322016 0,
                    -1 0 0,
                    -0.980785280403 -0.195090322016 0,
                    -0.923879532511 -0.382683432365 0,
                    -0.831469612303 -0.55557023302 0,
                    -0.707106781187 -0.707106781187 0,
                    -0.55557023302 -0.831469612303 0,
                    -0.382683432365 -0.923879532511 0,
                    -0.195090322016 -0.980785280403 0,
                    0 -1 0,
                    0.195090322016 -0.980785280403 0,
                    0.382683432365 -0.923879532511 0,
                    0.55557023302 -0.831469612303 0,
                    0.707106781187 -0.707106781187 0,
                    0.831469612303 -0.55557023302 0,
                    0.923879532511 -0.382683432365 0,
                    0.980785280403 -0.195090322016 0,
                    1 0 0,
                    1 0 0,
                    1 0 0,
                    0.980785280403 0.195090322016 0,
                    0.923879532511 0.382683432365 0,
                    0.831469612303 0.55557023302 0,
                    0.707106781187 0.707106781187 0,
                    0.55557023302 0.831469612303 0,
                    0.382683432365 0.923879532511 0,
                    0.195090322016 0.980785280403 0,
                    0 1 0,
                    -0.195090322016 0.980785280403 0,
                    -0.382683432365 0.923879532511 0,
                    -0.55557023302 0.831469612303 0,
                    -0.707106781187 0.707106781187 0,
                    -0.831469612303 0.55557023302 0,
                    -0.923879532511 0.382683432365 0,
                    -0.980785280403 0.195090322016 0,
                    -1 0 0,
                    -0.980785280403 -0.195090322016 0,
                    -0.923879532511 -0.382683432365 0,
                    -0.831469612303 -0.55557023302 0,
                    -0.707106781187 -0.707106781187 0,
                    -0.55557023302 -0.831469612303 0,
                    -0.382683432365 -0.923879532511 0,
                    -0.195090322016 -0.980785280403 0,
                    0 -1 0,
                    0.195090322016 -0.980785280403 0,
                    0.382683432365 -0.923879532511 0,
                    0.55557023302 -0.831469612303 0,
                    0.707106781187 -0.707106781187 0,
                    0.831469612303 -0.55557023302 0,
                    0.923879532511 -0.382683432365 0,
                    0.980785280403 -0.195090322016 0
                  ]
                }
              }
            }
            Shape {
              appearance USE _materialFace_ROYALBLUE3
              geometry DEF _2 IndexedFaceSet {
                solid       FALSE
                convex      FALSE
                coord Coordinate {
                  point [
                    5 -1.7763568394e-15 20,
                    4.90392640202 0.975451610081 20,
                    4.61939766256 1.91341716183 20,
                    4.15734806151 2.7778511651 20,
                    3.53553390593 3.53553390593 20,
                    2.7778511651 4.15734806151 20,
                    1.91341716183 4.61939766256 20,
                    0.975451610081 4.90392640202 20,
                    0 5 20,
                    -0.975451610081 4.90392640202 20,
                    -1.91341716183 4.61939766256 20,
                    -2.7778511651 4.15734806151 20,
                    -3.53553390593 3.53553390593 20,
                    -4.15734806151 2.7778511651 20,
                    -4.61939766256 1.91341716183 20,
                    -4.90392640202 0.975451610081 20,
                    -5 -3.5527136788e-15 20,
                    -4.90392640202 -0.975451610081 20,
                    -4.61939766256 -1.91341716183 20,
                    -4.15734806151 -2.7778511651 20,
                    -3.53553390593 -3.53553390593 20,
                    -2.7778511651 -4.15734806151 20,
                    -1.91341716183 -4.61939766256 20,
                    -0.975451610081 -4.90392640202 20,
                    1.06581410364e-14 -5 20,
                    0.975451610081 -4.90392640202 20,
                    1.91341716183 -4.61939766256 20,
                    2.7778511651 -4.15734806151 20,
                    3.53553390593 -3.53553390593 20,
                    4.15734806151 -2.7778511651 20,
                    4.61939766256 -1.91341716183 20,
                    4.90392640202 -0.975451610081 20
                  ]
                }
                coordIndex [
                  18,19,20, -1,
                  22,20,21, -1,
                  25,23,24, -1,
                  14,15,16, -1,
                  14,16,17, -1,
                  14,17,18, -1,
                  14,18,20, -1,
                  14,20,22, -1,
                  29,25,26, -1,
                  29,26,27, -1,
                  29,27,28, -1,
                  29,23,25, -1,
                  31,22,23, -1,
                  31,29,30, -1,
                  31,14,22, -1,
                  31,23,29, -1,
                  0,9,10, -1,
                  0,10,11, -1,
                  0,11,12, -1,
                  0,12,13, -1,
                  0,13,14, -1,
                  0,14,31, -1,
                  8,9,0, -1,
                  3,1,2, -1,
                  4,0,1, -1,
                  4,5,6, -1,
                  4,6,7, -1,
                  4,7,8, -1,
                  4,8,0, -1,
                  4,1,3, -1
                ]
                normal Normal {
                  vector [
                    0 0 1,
                    0 0 1,
                    0 0 1,
                    0 0 1,
                    0 0 1,
                    0 0 1,
                    0 0 1,
                    0 0 1,
                    0 0 1,
                    0 0 1,
                    0 0 1,
                    0 0 1,
                    0 0 1,
                    0 0 1,
                    0 0 1,
                    0 0 1,
                    0 0 1,
                    0 0 1,
                    0 0 1,
                    0 0 1,
                    0 0 1,
                    0 0 1,
                    0 0 1,
                    0 0 1,
                    0 0 1,
                    0 0 1,
                    0 0 1,
                    0 0 1,
                    0 0 1,
                    0 0 1,
                    0 0 1,
                    0 0 1
                  ]
                }
              }
            }
            Shape {
              appearance USE _materialFace_ROYALBLUE3
              geometry DEF _3 IndexedFaceSet {
                solid       FALSE
                convex      FALSE
                coord Coordinate {
                  point [
                    5 -1.7763568394e-15 0,
                    4.90392640202 0.975451610081 0,
                    4.61939766256 1.91341716183 0,
                    4.15734806151 2.7778511651 0,
                    3.53553390593 3.53553390593 0,
                    2.7778511651 4.15734806151 0,
                    1.91341716183 4.61939766256 0,
                    0.975451610081 4.90392640202 0,
                    0 5 0,
                    -0.975451610081 4.90392640202 0,
                    -1.91341716183 4.61939766256 0,
                    -2.7778511651 4.15734806151 0,
                    -3.53553390593 3.53553390593 0,
                    -4.15734806151 2.7778511651 0,
                    -4.61939766256 1.91341716183 0,
                    -4.90392640202 0.975451610081 0,
                    -5 -3.5527136788e-15 0,
                    -4.90392640202 -0.975451610081 0,
                    -4.61939766256 -1.91341716183 0,
                    -4.15734806151 -2.7778511651 0,
                    -3.53553390593 -3.53553390593 0,
                    -2.7778511651 -4.15734806151 0,
                    -1.91341716183 -4.61939766256 0,
                    -0.975451610081 -4.90392640202 0,
                    1.06581410364e-14 -5 0,
                    0.975451610081 -4.90392640202 0,
                    1.91341716183 -4.61939766256 0,
                    2.7778511651 -4.15734806151 0,
                    3.53553390593 -3.53553390593 0,
                    4.15734806151 -2.7778511651 0,
                    4.61939766256 -1.91341716183 0,
                    4.90392640202 -0.975451610081 0
                  ]
                }
                coordIndex [
                  18,20,19, -1,
                  22,21,20, -1,
                  25,24,23, -1,
                  14,16,15, -1,
                  14,17,16, -1,
                  14,18,17, -1,
                  14,20,18, -1,
                  14,22,20, -1,
                  29,26,25, -1,
                  29,27,26, -1,
                  29,28,27, -1,
                  29,25,23, -1,
                  31,23,22, -1,
                  31,30,29, -1,
                  31,22,14, -1,
                  31,29,23, -1,
                  0,10,9, -1,
                  0,11,10, -1,
                  0,12,11, -1,
                  0,13,12, -1,
                  0,14,13, -1,
                  0,31,14, -1,
                  8,0,9, -1,
                  3,2,1, -1,
                  4,1,0, -1,
                  4,6,5, -1,
                  4,7,6, -1,
                  4,8,7, -1,
                  4,0,8, -1,
                  4,3,1, -1
                ]
                normal Normal {
                  vector [
                    0 0 -1,
                    0 0 -1,
                    0 0 -1,
                    0 0 -1,
                    0 0 -1,
                    0 0 -1,
                    0 0 -1,
                    0 0 -1,
                    0 0 -1,
                    0 0 -1,
                    0 0 -1,
                    0 0 -1,
                    0 0 -1,
                    0 0 -1,
                    0 0 -1,
                    0 0 -1,
                    0 0 -1,
                    0 0 -1,
                    0 0 -1,
                    0 0 -1,
                    0 0 -1,
                    0 0 -1,
                    0 0 -1,
                    0 0 -1,
                    0 0 -1,
                    0 0 -1,
                    0 0 -1,
                    0 0 -1,
                    0 0 -1,
                    0 0 -1,
                    0 0 -1,
                    0 0 -1
                  ]
                }
              }
            }
          ]
        }
      ]
    }
    Transform {
      translation 40 30 5
      rotation    1 0 0 1.57079633
      children [
        DEF blue_cylinderD Group {
          children [
            Shape {
              appearance USE _materialFace_ROYALBLUE3
              geometry USE _1
            }
            Shape {
              appearance USE _materialFace_ROYALBLUE3
              geometry USE _2
            }
            Shape {
              appearance USE _materialFace_ROYALBLUE3
              geometry USE _3
            }
          ]
        }
      ]
    }
    Transform {
      translation 5 45 6
      rotation    0 0 1 0
      children [
        DEF green_sphere Shape {
          appearance DEF _materialFace_LIMEGREEN Appearance {
            material Material {
              diffuseColor      0.1 0.7 0.2
            }
          }
          geometry IndexedFaceSet {
            solid       FALSE
            convex      FALSE
            coord Coordinate {
              point [
                0 0 6,
                0 0 6,
                0 0 -6,
                1.041889066 0 -5.90884651807,
                2.05212085995 0 -5.63815572472,
                3 0 -5.19615242271,
                3.85672565812 0 -4.59626665871,
                4.59626665871 0 -3.85672565812,
                5.19615242271 0 -3,
                5.63815572472 0 -2.05212085995,
                5.90884651807 0 -1.041889066,
                6 0 -1.24344978758e-14,
                5.90884651807 0 1.041889066,
                5.63815572472 0 2.05212085995,
                5.19615242271 0 3,
                4.59626665871 0 3.85672565812,
                3.85672565812 0 4.59626665871,
                3 0 5.19615242271,
                2.05212085995 0 5.63815572472,
                1.041889066 0 5.90884651807,
                0 0 -6,
                1.041889066 0 -5.90884651807,
                2.05212085995 0 -5.63815572472,
                3 0 -5.19615242271,
                3.85672565812 0 -4.59626665871,
                4.59626665871 0 -3.85672565812,
                5.19615242271 0 -3,
                5.63815572472 0 -2.05212085995,
                5.90884651807 0 -1.041889066,
                6 0 -1.24344978758e-14,
                5.90884651807 0 1.041889066,
                5.63815572472 0 2.05212085995,
                5.19615242271 0 3,
                4.59626665871 0 3.85672565812,
                3.85672565812 0 4.59626665871,
                3 0 5.19615242271,
                2.05212085995 0 5.63815572472,
                1.041889066 0 5.90884651807,
                1.03769472693 0.0933942158304 -5.90884651807,
                1.00434236459 0.277180880549 -5.90884651807,
                0.938709612275 0.452058723702 -5.90884651807,
                0.842905960649 0.612407027521 -5.90884651807,
                2.01914243349 0.366420328505 -5.63815572472,
                0.720010617902 0.753072065584 -5.90884651807,
                1.92126710786 0.72106360616 -5.63815572472,
                0.573973541468 0.86953274783 -5.90884651807,
                1.76164067655 1.05253130622 -5.63815572472,
                2.98792288199 0.26891792671 -5.19615242271,
                0.409488483145 0.958045932106 -5.90884651807,
                1.54539366442 1.35016978407 -5.63815572472,
                2.89188858209 0.7981105367 -5.19615242271,
                0.231842128046 1.01576673184 -5.90884651807,
                1.27947642836 1.60441269414 -5.63815572472,
                2.70290660371 1.30165121735 -5.19615242271,
                0.0467441761902 1.04083995304 -5.90884651807,
                0.972435767139 1.80708846011 -5.63815572472,
                2.42705098312 1.76335575688 -5.19615242271,
                -0.139856171949 1.03245972174 -5.90884651807,
                3.79474649013 0.688644957604 -4.59626665871,
                0.634140220237 1.95168291608 -5.63815572472,
                2.07318794696 2.16838459148 -5.19615242271,
                -0.321961427648 0.990895385477 -5.90884651807,
                3.61080104762 1.35515629965 -4.59626665871,
                0.275462884884 2.03354867729 -5.63815572472,
                1.65269094436 2.50371976116 -5.19615242271,
                -0.493718578151 0.917482856211 -5.90884651807,
                3.31080148847 1.9781118032 -4.59626665871,
                -0.0920680542406 2.0500545108 -5.63815572472,
                4.57776344043 0.412006166823 -3.85672565812,
                1.17907509496 2.75858331765 -5.19615242271,
                -0.64960720732 0.814581673039 -5.90884651807,
                2.90439004533 2.5374891658 -4.59626665871,
                -0.456639850348 2.00066990554 -5.63815572472,
                4.43063035685 1.22277628327 -3.85672565812,
                0.667562801869 2.92478373655 -5.19615242271,
                -0.784616926347 0.685499164656 -5.90884651807,
                2.4046291164 3.01530953876 -4.59626665871,
                -0.806534865941 1.88698212336 -5.63815572472,
                4.14109316808 1.99424536386 -3.85672565812,
                0.134594491052 2.99697919962 -5.19615242271,
                -0.894408411776 0.534384149089 -5.90884651807,
                1.82758142914 3.39621538214 -4.59626665871,
                -1.13050718732 1.71264518312 -5.63815572472,
                3.71845783758 2.7016177576 -3.85672565812,
                -0.402699797453 2.9728492853 -5.19615242271,
                -0.975452874929 0.366093587279 -5.90884651807,
                5.11264811557 0.927808841499 -3,
                1.191793771 3.66796406872 -4.59626665871,
                -1.41814407752 1.48326241753 -5.63815572472,
                3.17630821262 3.3221579337 -3.85672565812,
                -0.927050983125 2.85316954889 -5.19615242271,
                -1.02514548008 0.18603647635 -5.90884651807,
                4.8648190913 1.82579714343 -3,
                0.517700880452 3.82182137212 -4.59626665871,
                -1.66020065021 1.2062063774 -5.63815572472,
                2.53206942823 3.83592122033 -3.85672565812,
                -1.42160598742 2.64178659557 -5.19615242271,
                -1.041889066 0 -5.90884651807,
                4.46063077864 2.6651028229 -3,
                -0.17303134236 3.85284219201 -4.59626665871,
                -1.84889700799 0.890381871838 -5.63815572472,
                5.61545816736 0.505400382653 -2.05212085995,
                1.80644784903 4.22639484274 -3.85672565812,
                -1.87046940558 2.3454944474 -5.19615242271,
                -1.02514548008 -0.18603647635 -5.90884651807,
                3.91307412255 3.41874990478 -3,
                -0.858202195458 3.76002949373 -4.59626665871,
                -1.97816829465 0.545939760304 -5.63815572472,
                5.43497272145 1.49995716382 -2.05212085995,
                1.02276554961 4.48102865741 -3.85672565812,
                -2.25921439801 1.97381617782 -5.19615242271,
                -0.975452874929 -0.366093587279 -5.90884651807,
                3.23974804446 4.06251555177 -3,
                -1.51578972386 3.54636635375 -4.59626665871,
                -2.04385962469 0.183950695673 -5.63815572472,
                5.07980278035 2.44630408757 -2.05212085995,
                0.206210723889 4.59163852403 -3.85672565812,
                -2.57534638081 1.53869783222 -5.19615242271,
                -0.894408411776 -0.534384149089 -5.90884651807,
                2.46229379855 4.57570860628 -3,
                -2.12465852335 3.21872008121 -4.59626665871,
                -2.04385962469 -0.183950695673 -5.63815572472,
                4.56136379823 3.31402478512 -2.05212085995,
                -0.616971884168 4.55466935047 -3.85672565812,
                -2.80870461192 1.05412447224 -5.19615242271,
                5.81388892362 1.05506528611 -1.041889066,
                -0.784616926347 -0.685499164656 -5.90884651807,
                1.60569940398 4.94183462128 -3,
                -2.66523904972 2.78762149688 -4.59626665871,
                -1.97816829465 -0.545939760304 -5.63815572472,
                3.89631883052 4.07522999928 -2.05212085995,
                -1.42032450822 4.3713093564 -3.85672565812,
                -2.9517887658 0.535670684396 -5.19615242271,
                5.53206815548 2.07621990581 -1.041889066,
                -0.64960720732 -0.814581673039 -5.90884651807,
                0.697496509386 5.14912600539 -3,
                -3.12015660006 2.26692646398 -4.59626665871,
                -1.84889700799 -0.890381871838 -5.63815572472,
                3.1060429697 4.70545396816 -2.05212085995,
                -2.17802673393 4.04745188289 -3.85672565812,
                -3 0 -5.19615242271,
                5.07244216502 3.03064310942 -1.041889066,
                -0.493718578151 -0.917482856211 -5.90884651807,
                -0.23312449692 5.19092024298 -3,
                -3.47478975001 1.6733705493 -4.59626665871,
                5.97584576397 0.537835853421 8.881784197e-16,
                -1.66020065021 -1.2062063774 -5.63815572472,
                2.21593633218 5.18444077485 -2.05212085995,
                -2.86572538833 3.5935059756 -3.85672565812,
                -2.9517887658 -0.535670684396 -5.19615242271,
                4.44978370976 3.88765894987 -1.041889066,
                -0.321961427648 -0.990895385477 -5.90884651807,
                -1.15625269008 5.06587403285 -3,
                -3.71774029832 1.0260311283 -4.59626665871,
                5.78377716418 1.5962210734 8.881784197e-16,
                -1.41814407752 -1.48326241753 -5.63815572472,
                1.25460767765 5.49679538925 -2.05212085995,
                -3.46131727082 3.02406182951 -3.85672565812,
                -2.80870461192 -1.05412447224 -5.19615242271,
                3.68410554477 4.6197222329 -1.041889066,
                -0.139856171949 -1.03245972174 -5.90884651807,
                -2.04221797041 4.77800646309 -3,
                -3.84119961448 0.345714222624 -4.59626665871,
                5.40581320741 2.60330243471 8.881784197e-16,
                -1.13050718732 -1.71264518312 -5.63815572472,
                0.252954900079 5.63247847707 -2.05212085995,
                -3.94565956825 2.35742184802 -3.85672565812,
                -2.57534638081 -1.53869783222 -5.19615242271,
                2.80001719628 5.20330384224 -1.041889066,
                0.0467441761902 -1.04083995304 -5.90884651807,
                -2.86254468483 4.33656983425 -3,
                -3.84119961448 -0.345714222624 -4.59626665871,
                4.85410196625 3.52671151375 8.881784197e-16,
                -0.806534865941 -1.88698212336 -5.63815572472,
                -0.756828056117 5.58712907222 -2.05212085995,
                -4.30318512065 1.61501238864 -3.85672565812,
                5.81388892362 1.05506528611 1.041889066,
                -2.25921439801 -1.97381617782 -5.19615242271,
                1.82593399124 5.6196469848 -1.041889066,
                0.231842128046 -1.01576673184 -5.90884651807,
                -3.59086685778 3.7557522828 -3,
                -3.71774029832 -1.0260311283 -4.59626665871,
                4.14637589392 4.33676918296 8.881784197e-16,
                -0.456639850348 -2.00066990554 -5.63815572472,
                -1.74228593587 5.36220474188 -2.05212085995,
                -4.5224027626 0.820695102246 -3.85672565812,
                5.53206815548 2.07621990581 1.041889066,
                -1.87046940558 -2.3454944474 -5.19615242271,
                0.793163765336 5.85537004941 -1.041889066,
                0.409488483145 -0.958045932106 -5.90884651807,
                -4.20377561533 3.05422176273 -3,
                -3.47478975001 -1.6733705493 -4.59626665871,
                3.30538188871 5.00743952233 8.881784197e-16,
                -0.0920680542406 -2.0500545108 -5.63815572472,
                -2.67174531209 4.9649347391 -2.05212085995,
                -4.59626665871 0 -3.85672565812,
                5.07244216502 3.03064310942 1.041889066,
                -1.42160598742 -2.64178659557 -5.19615242271,
                -0.265099396601 5.90289670281 -1.041889066,
                0.573973541468 -0.86953274783 -5.90884651807,
                -4.68157156573 2.25452604219 -3,
                5.61545816736 0.505400382653 2.05212085995,
                -3.12015660006 -2.26692646398 -4.59626665871,
                2.35815018992 5.51716663531 8.881784197e-16,
                0.275462884884 -2.03354867729 -5.63815572472,
                -3.51533259565 4.40808764864 -2.05212085995,
                -4.5224027626 -0.820695102246 -3.85672565812,
                4.44978370976 3.88765894987 1.041889066,
                -0.927050983125 -2.85316954889 -5.19615242271,
                -1.31484204581 5.76069939927 -1.041889066,
                0.720010617902 -0.753072065584 -5.90884651807,
                -5.008897954 1.38236799962 -3,
                5.43497272145 1.49995716382 2.05212085995,
                -2.66523904972 -2.78762149688 -4.59626665871,
                1.33512560374 5.84956747309 8.881784197e-16,
                0.634140220237 -1.95168291608 -5.63815572472,
                -4.24593419717 3.70956099417 -2.05212085995,
                -4.30318512065 -1.61501238864 -3.85672565812,
                3.68410554477 4.6197222329 1.041889066,
                -0.402699797453 -2.9728492853 -5.19615242271,
                -2.3223245898 5.43334847711 -1.041889066,
                0.842905960649 -0.612407027521 -5.90884651807,
                -5.1752342407 0.465779512128 -3,
                5.07980278035 2.44630408757 2.05212085995,
                -2.12465852335 -3.21872008121 -4.59626665871,
                0.269188982103 5.99395839925 8.881784197e-16,
                0.972435767139 -1.80708846011 -5.63815572472,
                -4.84006798002 2.89180599711 -2.05212085995,
                -3.94565956825 -2.35742184802 -3.85672565812,
                2.80001719628 5.20330384224 1.041889066,
                0.134594491052 -2.99697919962 -5.19615242271,
                -3.25516571067 4.93136526433 -1.041889066,
                0.938709612275 -0.452058723702 -5.90884651807,
                -5.1752342407 -0.465779512128 -3,
                4.56136379823 3.31402478512 2.05212085995,
                -1.51578972386 -3.54636635375 -4.59626665871,
                -0.805399594906 5.94569857061 8.881784197e-16,
                1.27947642836 -1.60441269414 -5.63815572472,
                -5.27863799558 1.98110597592 -2.05212085995,
                5.11264811557 0.927808841499 3,
                -3.46131727082 -3.02406182951 -3.85672565812,
                1.82593399124 5.6196469848 1.041889066,
                0.667562801869 -2.92478373655 -5.19615242271,
                -4.08338312724 4.27088391441 -1.041889066,
                1.00434236459 -0.277180880549 -5.90884651807,
                -5.008897954 -1.38236799962 -3,
                3.89631883052 4.07522999928 2.05212085995,
                -0.858202195458 -3.76002949373 -4.59626665871,
                -1.85410196625 5.70633909777 8.881784197e-16,
                1.54539366442 -1.35016978407 -5.63815572472,
                -5.54754824267 1.0067315786 -2.05212085995,
                4.8648190913 1.82579714343 3,
                -2.86572538833 -3.5935059756 -3.85672565812,
                0.793163765336 5.85537004941 1.041889066,
                1.17907509496 -2.75858331765 -5.19615242271,
                -4.78035725027 3.47313284138 -1.041889066,
                1.03769472693 -0.0933942158304 -5.90884651807,
                -4.68157156573 -2.25452604219 -3,
                3.1060429697 4.70545396816 2.05212085995,
                -0.17303134236 -3.85284219201 -4.59626665871,
                -2.84321197484 5.28357319114 8.881784197e-16,
                1.76164067655 -1.05253130622 -5.63815572472,
                -5.63815572472 0 -2.05212085995,
                4.46063077864 2.6651028229 3,
                -2.17802673393 -4.04745188289 -3.85672565812,
                -0.265099396601 5.90289670281 1.041889066,
                1.65269094436 -2.50371976116 -5.19615242271,
                -5.323686758 2.56375242113 -1.041889066,
                4.57776344043 0.412006166823 3.85672565812,
                -4.20377561533 -3.05422176273 -3,
                2.21593633218 5.18444077485 2.05212085995,
                0.517700880452 -3.82182137212 -4.59626665871,
                -3.74093881115 4.69098889481 8.881784197e-16,
                1.92126710786 -0.72106360616 -5.63815572472,
                -5.54754824267 -1.0067315786 -2.05212085995,
                3.91307412255 3.41874990478 3,
                -1.42032450822 -4.3713093564 -3.85672565812,
                -1.31484204581 5.76069939927 1.041889066,
                2.07318794696 -2.16838459148 -5.19615242271,
                -5.69590859297 1.57197088861 -1.041889066,
                4.43063035685 1.22277628327 3.85672565812,
                -3.59086685778 -3.7557522828 -3,
                1.25460767765 5.49679538925 2.05212085995,
                1.191793771 -3.66796406872 -4.59626665871,
                -4.51842879602 3.94763235564 8.881784197e-16,
                2.01914243349 -0.366420328505 -5.63815572472,
                -5.27863799558 -1.98110597592 -2.05212085995,
                3.23974804446 4.06251555177 3,
                -0.616971884168 -4.55466935047 -3.85672565812,
                -2.3223245898 5.43334847711 1.041889066,
                2.42705098312 -1.76335575688 -5.19615242271,
                -5.88505923916 0.529664918297 -1.041889066,
                4.14109316808 1.99424536386 3.85672565812,
                -2.86254468483 -4.33656983425 -3,
                0.252954900079 5.63247847707 2.05212085995,
                1.82758142914 -3.39621538214 -4.59626665871,
                -5.15069276161 3.07739566444 8.881784197e-16,
                -4.84006798002 -2.89180599711 -2.05212085995,
                2.46229379855 4.57570860628 3,
                0.206210723889 -4.59163852403 -3.85672565812,
                -3.25516571067 4.93136526433 1.041889066,
                2.70290660371 -1.30165121735 -5.19615242271,
                -5.88505923916 -0.529664918297 -1.041889066,
                3.71845783758 2.7016177576 3.85672565812,
                -2.04221797041 -4.77800646309 -3,
                -0.756828056117 5.58712907222 2.05212085995,
                2.4046291164 -3.01530953876 -4.59626665871,
                -5.61740922384 2.10824894449 8.881784197e-16,
                3.79474649013 0.688644957604 4.59626665871,
                -4.24593419717 -3.70956099417 -2.05212085995,
                1.60569940398 4.94183462128 3,
                1.02276554961 -4.48102865741 -3.85672565812,
                -4.08338312724 4.27088391441 1.041889066,
                2.89188858209 -0.7981105367 -5.19615242271,
                -5.69590859297 -1.57197088861 -1.041889066,
                3.17630821262 3.3221579337 3.85672565812,
                -1.15625269008 -5.06587403285 -3,
                -1.74228593587 5.36220474188 2.05212085995,
                2.90439004533 -2.5374891658 -4.59626665871,
                -5.90357753159 1.07134136879 8.881784197e-16,
                3.61080104762 1.35515629965 4.59626665871,
                -3.51533259565 -4.40808764864 -2.05212085995,
                0.697496509386 5.14912600539 3,
                1.80644784903 -4.22639484274 -3.85672565812,
                -4.78035725027 3.47313284138 1.041889066,
                2.98792288199 -0.26891792671 -5.19615242271,
                -5.323686758 -2.56375242113 -1.041889066,
                2.53206942823 3.83592122033 3.85672565812,
                -0.23312449692 -5.19092024298 -3,
                -2.67174531209 4.9649347391 2.05212085995,
                3.31080148847 -1.9781118032 -4.59626665871,
                -6 0 8.881784197e-16,
                3.31080148847 1.9781118032 4.59626665871,
                -2.67174531209 -4.9649347391 -2.05212085995,
                -0.23312449692 5.19092024298 3,
                2.53206942823 -3.83592122033 -3.85672565812,
                -5.323686758 2.56375242113 1.041889066,
                2.98792288199 0.26891792671 5.19615242271,
                -4.78035725027 -3.47313284138 -1.041889066,
                1.80644784903 4.22639484274 3.85672565812,
                0.697496509386 -5.14912600539 -3,
                -3.51533259565 4.40808764864 2.05212085995,
                3.61080104762 -1.35515629965 -4.59626665871,
                -5.90357753159 -1.07134136879 8.881784197e-16,
                2.90439004533 2.5374891658 4.59626665871,
                -1.74228593587 -5.36220474188 -2.05212085995,
                -1.15625269008 5.06587403285 3,
                3.17630821262 -3.3221579337 -3.85672565812,
                -5.69590859297 1.57197088861 1.041889066,
                2.89188858209 0.7981105367 5.19615242271,
                -4.08338312724 -4.27088391441 -1.041889066,
                1.02276554961 4.48102865741 3.85672565812,
                1.60569940398 -4.94183462128 -3,
                -4.24593419717 3.70956099417 2.05212085995,
                3.79474649013 -0.688644957604 -4.59626665871,
                -5.61740922384 -2.10824894449 8.881784197e-16,
                2.4046291164 3.01530953876 4.59626665871,
                -0.756828056117 -5.58712907222 -2.05212085995,
                -2.04221797041 4.77800646309 3,
                3.71845783758 -2.7016177576 -3.85672565812,
                -5.88505923916 0.529664918297 1.041889066,
                2.70290660371 1.30165121735 5.19615242271,
                -3.25516571067 -4.93136526433 -1.041889066,
                0.206210723889 4.59163852403 3.85672565812,
                2.46229379855 -4.57570860628 -3,
                -4.84006798002 2.89180599711 2.05212085995,
                -5.15069276161 -3.07739566444 8.881784197e-16,
                1.82758142914 3.39621538214 4.59626665871,
                0.252954900079 -5.63247847707 -2.05212085995,
                -2.86254468483 4.33656983425 3,
                4.14109316808 -1.99424536386 -3.85672565812,
                -5.88505923916 -0.529664918297 1.041889066,
                2.42705098312 1.76335575688 5.19615242271,
                -2.3223245898 -5.43334847711 -1.041889066,
                -0.616971884168 4.55466935047 3.85672565812,
                3.23974804446 -4.06251555177 -3,
                -5.27863799558 1.98110597592 2.05212085995,
                2.01914243349 0.366420328505 5.63815572472,
                -4.51842879602 -3.94763235564 8.881784197e-16,
                1.191793771 3.66796406872 4.59626665871,
                1.25460767765 -5.49679538925 -2.05212085995,
                -3.59086685778 3.7557522828 3,
                4.43063035685 -1.22277628327 -3.85672565812,
                -5.69590859297 -1.57197088861 1.041889066,
                2.07318794696 2.16838459148 5.19615242271,
                -1.31484204581 -5.76069939927 -1.041889066,
                -1.42032450822 4.3713093564 3.85672565812,
                3.91307412255 -3.41874990478 -3,
                -5.54754824267 1.0067315786 2.05212085995,
                1.92126710786 0.72106360616 5.63815572472,
                -3.74093881115 -4.69098889481 8.881784197e-16,
                0.517700880452 3.82182137212 4.59626665871,
                2.21593633218 -5.18444077485 -2.05212085995,
                -4.20377561533 3.05422176273 3,
                4.57776344043 -0.412006166823 -3.85672565812,
                -5.323686758 -2.56375242113 1.041889066,
                1.65269094436 2.50371976116 5.19615242271,
                -0.265099396601 -5.90289670281 -1.041889066,
                -2.17802673393 4.04745188289 3.85672565812,
                4.46063077864 -2.6651028229 -3,
                -5.63815572472 0 2.05212085995,
                1.76164067655 1.05253130622 5.63815572472,
                -2.84321197484 -5.28357319114 8.881784197e-16,
                -0.17303134236 3.85284219201 4.59626665871,
                3.1060429697 -4.70545396816 -2.05212085995,
                -4.68157156573 2.25452604219 3,
                1.03769472693 0.0933942158304 5.90884651807,
                -4.78035725027 -3.47313284138 1.041889066,
                1.17907509496 2.75858331765 5.19615242271,
                0.793163765336 -5.85537004941 -1.041889066,
                -2.86572538833 3.5935059756 3.85672565812,
                4.8648190913 -1.82579714343 -3,
                -5.54754824267 -1.0067315786 2.05212085995,
                1.54539366442 1.35016978407 5.63815572472,
                -1.85410196625 -5.70633909777 8.881784197e-16,
                -0.858202195458 3.76002949373 4.59626665871,
                3.89631883052 -4.07522999928 -2.05212085995,
                -5.008897954 1.38236799962 3,
                1.00434236459 0.277180880549 5.90884651807,
                -4.08338312724 -4.27088391441 1.041889066,
                0.667562801869 2.92478373655 5.19615242271,
                1.82593399124 -5.6196469848 -1.041889066,
                -3.46131727082 3.02406182951 3.85672565812,
                5.11264811557 -0.927808841499 -3,
                -5.27863799558 -1.98110597592 2.05212085995,
                1.27947642836 1.60441269414 5.63815572472,
                -0.805399594906 -5.94569857061 8.881784197e-16,
                -1.51578972386 3.54636635375 4.59626665871,
                4.56136379823 -3.31402478512 -2.05212085995,
                -5.1752342407 0.465779512128 3,
                0.938709612275 0.452058723702 5.90884651807,
                -3.25516571067 -4.93136526433 1.041889066,
                0.134594491052 2.99697919962 5.19615242271,
                2.80001719628 -5.20330384224 -1.041889066,
                -3.94565956825 2.35742184802 3.85672565812,
                -4.84006798002 -2.89180599711 2.05212085995,
                0.972435767139 1.80708846011 5.63815572472,
                0.269188982103 -5.99395839925 8.881784197e-16,
                -2.12465852335 3.21872008121 4.59626665871,
                5.07980278035 -2.44630408757 -2.05212085995,
                -5.1752342407 -0.465779512128 3,
                0.842905960649 0.612407027521 5.90884651807,
                -2.3223245898 -5.43334847711 1.041889066,
                -0.402699797453 2.9728492853 5.19615242271,
                3.68410554477 -4.6197222329 -1.041889066,
                -4.30318512065 1.61501238864 3.85672565812,
                -4.24593419717 -3.70956099417 2.05212085995,
                0.634140220237 1.95168291608 5.63815572472,
                1.33512560374 -5.84956747309 8.881784197e-16,
                -2.66523904972 2.78762149688 4.59626665871,
                5.43497272145 -1.49995716382 -2.05212085995,
                -5.008897954 -1.38236799962 3,
                0.720010617902 0.753072065584 5.90884651807,
                -1.31484204581 -5.76069939927 1.041889066,
                -0.927050983125 2.85316954889 5.19615242271,
                4.44978370976 -3.88765894987 -1.041889066,
                -4.5224027626 0.820695102246 3.85672565812,
                -3.51533259565 -4.40808764864 2.05212085995,
                0.275462884884 2.03354867729 5.63815572472,
                2.35815018992 -5.51716663531 8.881784197e-16,
                -3.12015660006 2.26692646398 4.59626665871,
                5.61545816736 -0.505400382653 -2.05212085995,
                -4.68157156573 -2.25452604219 3,
                0.573973541468 0.86953274783 5.90884651807,
                -0.265099396601 -5.90289670281 1.041889066,
                -1.42160598742 2.64178659557 5.19615242271,
                5.07244216502 -3.03064310942 -1.041889066,
                -4.59626665871 0 3.85672565812,
                -2.67174531209 -4.9649347391 2.05212085995,
                -0.0920680542406 2.0500545108 5.63815572472,
                3.30538188871 -5.00743952233 8.881784197e-16,
                -3.47478975001 1.6733705493 4.59626665871,
                -4.20377561533 -3.05422176273 3,
                0.409488483145 0.958045932106 5.90884651807,
                0.793163765336 -5.85537004941 1.041889066,
                -1.87046940558 2.3454944474 5.19615242271,
                5.53206815548 -2.07621990581 -1.041889066,
                -4.5224027626 -0.820695102246 3.85672565812,
                -1.74228593587 -5.36220474188 2.05212085995,
                -0.456639850348 2.00066990554 5.63815572472,
                4.14637589392 -4.33676918296 8.881784197e-16,
                -3.71774029832 1.0260311283 4.59626665871,
                -3.59086685778 -3.7557522828 3,
                0.231842128046 1.01576673184 5.90884651807,
                1.82593399124 -5.6196469848 1.041889066,
                -2.25921439801 1.97381617782 5.19615242271,
                5.81388892362 -1.05506528611 -1.041889066,
                -4.30318512065 -1.61501238864 3.85672565812,
                -0.756828056117 -5.58712907222 2.05212085995,
                -0.806534865941 1.88698212336 5.63815572472,
                4.85410196625 -3.52671151375 8.881784197e-16,
                -3.84119961448 0.345714222624 4.59626665871,
                -2.86254468483 -4.33656983425 3,
                0.0467441761902 1.04083995304 5.90884651807,
                2.80001719628 -5.20330384224 1.041889066,
                -2.57534638081 1.53869783222 5.19615242271,
                -3.94565956825 -2.35742184802 3.85672565812,
                0.252954900079 -5.63247847707 2.05212085995,
                -1.13050718732 1.71264518312 5.63815572472,
                5.40581320741 -2.60330243471 8.881784197e-16,
                -3.84119961448 -0.345714222624 4.59626665871,
                -2.04221797041 -4.77800646309 3,
                -0.139856171949 1.03245972174 5.90884651807,
                3.68410554477 -4.6197222329 1.041889066,
                -2.80870461192 1.05412447224 5.19615242271,
                -3.46131727082 -3.02406182951 3.85672565812,
                1.25460767765 -5.49679538925 2.05212085995,
                -1.41814407752 1.48326241753 5.63815572472,
                5.78377716418 -1.5962210734 8.881784197e-16,
                -3.71774029832 -1.0260311283 4.59626665871,
                -1.15625269008 -5.06587403285 3,
                -0.321961427648 0.990895385477 5.90884651807,
                4.44978370976 -3.88765894987 1.041889066,
                -2.9517887658 0.535670684396 5.19615242271,
                -2.86572538833 -3.5935059756 3.85672565812,
                2.21593633218 -5.18444077485 2.05212085995,
                -1.66020065021 1.2062063774 5.63815572472,
                5.97584576397 -0.537835853421 8.881784197e-16,
                -3.47478975001 -1.6733705493 4.59626665871,
                -0.23312449692 -5.19092024298 3,
                -0.493718578151 0.917482856211 5.90884651807,
                5.07244216502 -3.03064310942 1.041889066,
                -3 0 5.19615242271,
                -2.17802673393 -4.04745188289 3.85672565812,
                3.1060429697 -4.70545396816 2.05212085995,
                -1.84889700799 0.890381871838 5.63815572472,
                -3.12015660006 -2.26692646398 4.59626665871,
                0.697496509386 -5.14912600539 3,
                -0.64960720732 0.814581673039 5.90884651807,
                5.53206815548 -2.07621990581 1.041889066,
                -2.9517887658 -0.535670684396 5.19615242271,
                -1.42032450822 -4.3713093564 3.85672565812,
                3.89631883052 -4.07522999928 2.05212085995,
                -1.97816829465 0.545939760304 5.63815572472,
                -2.66523904972 -2.78762149688 4.59626665871,
                1.60569940398 -4.94183462128 3,
                -0.784616926347 0.685499164656 5.90884651807,
                5.81388892362 -1.05506528611 1.041889066,
                -2.80870461192 -1.05412447224 5.19615242271,
                -0.616971884168 -4.55466935047 3.85672565812,
                4.56136379823 -3.31402478512 2.05212085995,
                -2.04385962469 0.183950695673 5.63815572472,
                -2.12465852335 -3.21872008121 4.59626665871,
                2.46229379855 -4.57570860628 3,
                -0.894408411776 0.534384149089 5.90884651807,
                -2.57534638081 -1.53869783222 5.19615242271,
                0.206210723889 -4.59163852403 3.85672565812,
                5.07980278035 -2.44630408757 2.05212085995,
                -2.04385962469 -0.183950695673 5.63815572472,
                -1.51578972386 -3.54636635375 4.59626665871,
                3.23974804446 -4.06251555177 3,
                -0.975452874929 0.366093587279 5.90884651807,
                -2.25921439801 -1.97381617782 5.19615242271,
                1.02276554961 -4.48102865741 3.85672565812,
                5.43497272145 -1.49995716382 2.05212085995,
                -1.97816829465 -0.545939760304 5.63815572472,
                -0.858202195458 -3.76002949373 4.59626665871,
                3.91307412255 -3.41874990478 3,
                -1.02514548008 0.18603647635 5.90884651807,
                -1.87046940558 -2.3454944474 5.19615242271,
                1.80644784903 -4.22639484274 3.85672565812,
                5.61545816736 -0.505400382653 2.05212085995,
                -1.84889700799 -0.890381871838 5.63815572472,
                -0.17303134236 -3.85284219201 4.59626665871,
                4.46063077864 -2.6651028229 3,
                -1.041889066 0 5.90884651807,
                -1.42160598742 -2.64178659557 5.19615242271,
                2.53206942823 -3.83592122033 3.85672565812,
                -1.66020065021 -1.2062063774 5.63815572472,
                0.517700880452 -3.82182137212 4.59626665871,
                4.8648190913 -1.82579714343 3,
                -1.02514548008 -0.18603647635 5.90884651807,
                -0.927050983125 -2.85316954889 5.19615242271,
                3.17630821262 -3.3221579337 3.85672565812,
                -1.41814407752 -1.48326241753 5.63815572472,
                1.191793771 -3.66796406872 4.59626665871,
                5.11264811557 -0.927808841499 3,
                -0.975452874929 -0.366093587279 5.90884651807,
                -0.402699797453 -2.9728492853 5.19615242271,
                3.71845783758 -2.7016177576 3.85672565812,
                -1.13050718732 -1.71264518312 5.63815572472,
                1.82758142914 -3.39621538214 4.59626665871,
                -0.894408411776 -0.534384149089 5.90884651807,
                0.134594491052 -2.99697919962 5.19615242271,
                4.14109316808 -1.99424536386 3.85672565812,
                -0.806534865941 -1.88698212336 5.63815572472,
                2.4046291164 -3.01530953876 4.59626665871,
                -0.784616926347 -0.685499164656 5.90884651807,
                0.667562801869 -2.92478373655 5.19615242271,
                4.43063035685 -1.22277628327 3.85672565812,
                -0.456639850348 -2.00066990554 5.63815572472,
                2.90439004533 -2.5374891658 4.59626665871,
                -0.64960720732 -0.814581673039 5.90884651807,
                1.17907509496 -2.75858331765 5.19615242271,
                4.57776344043 -0.412006166823 3.85672565812,
                -0.0920680542406 -2.0500545108 5.63815572472,
                3.31080148847 -1.9781118032 4.59626665871,
                -0.493718578151 -0.917482856211 5.90884651807,
                1.65269094436 -2.50371976116 5.19615242271,
                0.275462884884 -2.03354867729 5.63815572472,
                3.61080104762 -1.35515629965 4.59626665871,
                -0.321961427648 -0.990895385477 5.90884651807,
                2.07318794696 -2.16838459148 5.19615242271,
                0.634140220237 -1.95168291608 5.63815572472,
                3.79474649013 -0.688644957604 4.59626665871,
                -0.139856171949 -1.03245972174 5.90884651807,
                2.42705098312 -1.76335575688 5.19615242271,
                0.972435767139 -1.80708846011 5.63815572472,
                0.0467441761902 -1.04083995304 5.90884651807,
                2.70290660371 -1.30165121735 5.19615242271,
                1.27947642836 -1.60441269414 5.63815572472,
                0.231842128046 -1.01576673184 5.90884651807,
                2.89188858209 -0.7981105367 5.19615242271,
                1.54539366442 -1.35016978407 5.63815572472,
                0.409488483145 -0.958045932106 5.90884651807,
                2.98792288199 -0.26891792671 5.19615242271,
                1.76164067655 -1.05253130622 5.63815572472,
                0.573973541468 -0.86953274783 5.90884651807,
                1.92126710786 -0.72106360616 5.63815572472,
                0.720010617902 -0.753072065584 5.90884651807,
                2.01914243349 -0.366420328505 5.63815572472,
                0.842905960649 -0.612407027521 5.90884651807,
                0.938709612275 -0.452058723702 5.90884651807,
                1.00434236459 -0.277180880549 5.90884651807,
                1.03769472693 -0.0933942158304 5.90884651807
              ]
            }
            coordIndex [
              38,3,2, -1,
              38,4,3, -1,
              39,38,2, -1,
              40,39,2, -1,
              41,40,2, -1,
              42,4,38, -1,
              42,38,39, -1,
              43,41,2, -1,
              44,42,39, -1,
              44,39,40, -1,
              45,43,2, -1,
              46,40,41, -1,
              46,44,40, -1,
              47,5,4, -1,
              47,6,5, -1,
              47,4,42, -1,
              48,45,2, -1,
              49,46,41, -1,
              49,41,43, -1,
              50,47,42, -1,
              50,42,44, -1,
              51,48,2, -1,
              52,43,45, -1,
              52,49,43, -1,
              53,50,44, -1,
              53,44,46, -1,
              54,51,2, -1,
              55,45,48, -1,
              55,52,45, -1,
              56,53,46, -1,
              56,46,49, -1,
              57,54,2, -1,
              58,6,47, -1,
              58,47,50, -1,
              59,55,48, -1,
              59,48,51, -1,
              60,56,49, -1,
              60,49,52, -1,
              61,57,2, -1,
              62,50,53, -1,
              62,58,50, -1,
              63,59,51, -1,
              63,51,54, -1,
              64,60,52, -1,
              64,52,55, -1,
              65,61,2, -1,
              66,62,53, -1,
              66,53,56, -1,
              67,63,54, -1,
              67,54,57, -1,
              68,7,6, -1,
              68,8,7, -1,
              68,6,58, -1,
              69,55,59, -1,
              69,64,55, -1,
              70,65,2, -1,
              71,56,60, -1,
              71,66,56, -1,
              72,67,57, -1,
              72,57,61, -1,
              73,58,62, -1,
              73,68,58, -1,
              74,69,59, -1,
              74,59,63, -1,
              75,70,2, -1,
              76,71,60, -1,
              76,60,64, -1,
              77,61,65, -1,
              77,72,61, -1,
              78,62,66, -1,
              78,73,62, -1,
              79,63,67, -1,
              79,74,63, -1,
              80,75,2, -1,
              81,76,64, -1,
              81,64,69, -1,
              82,65,70, -1,
              82,77,65, -1,
              83,66,71, -1,
              83,78,66, -1,
              84,67,72, -1,
              84,79,67, -1,
              85,80,2, -1,
              86,8,68, -1,
              86,68,73, -1,
              87,81,69, -1,
              87,69,74, -1,
              88,70,75, -1,
              88,82,70, -1,
              89,83,71, -1,
              89,71,76, -1,
              90,84,72, -1,
              90,72,77, -1,
              91,85,2, -1,
              92,86,73, -1,
              92,73,78, -1,
              93,87,74, -1,
              93,74,79, -1,
              94,88,75, -1,
              94,75,80, -1,
              95,89,76, -1,
              95,76,81, -1,
              96,77,82, -1,
              96,90,77, -1,
              97,2,20, -1,
              97,91,2, -1,
              98,92,78, -1,
              98,78,83, -1,
              99,93,79, -1,
              99,79,84, -1,
              100,94,80, -1,
              100,80,85, -1,
              101,8,86, -1,
              101,9,8, -1,
              101,10,9, -1,
              102,95,81, -1,
              102,81,87, -1,
              103,82,88, -1,
              103,96,82, -1,
              104,97,20, -1,
              105,98,83, -1,
              105,83,89, -1,
              106,99,84, -1,
              106,84,90, -1,
              107,100,85, -1,
              107,85,91, -1,
              108,86,92, -1,
              108,101,86, -1,
              109,87,93, -1,
              109,102,87, -1,
              110,88,94, -1,
              110,103,88, -1,
              111,104,20, -1,
              112,105,89, -1,
              112,89,95, -1,
              113,90,96, -1,
              113,106,90, -1,
              114,91,97, -1,
              114,107,91, -1,
              115,92,98, -1,
              115,108,92, -1,
              116,93,99, -1,
              116,109,93, -1,
              117,94,100, -1,
              117,110,94, -1,
              118,111,20, -1,
              119,112,95, -1,
              119,95,102, -1,
              120,96,103, -1,
              120,113,96, -1,
              121,97,104, -1,
              121,114,97, -1,
              122,115,98, -1,
              122,98,105, -1,
              123,116,99, -1,
              123,99,106, -1,
              124,117,100, -1,
              124,100,107, -1,
              125,10,101, -1,
              125,101,108, -1,
              126,118,20, -1,
              127,119,102, -1,
              127,102,109, -1,
              128,120,103, -1,
              128,103,110, -1,
              129,121,104, -1,
              129,104,111, -1,
              130,122,105, -1,
              130,105,112, -1,
              131,123,106, -1,
              131,106,113, -1,
              132,107,114, -1,
              132,124,107, -1,
              133,125,108, -1,
              133,108,115, -1,
              134,126,20, -1,
              135,109,116, -1,
              135,127,109, -1,
              136,110,117, -1,
              136,128,110, -1,
              137,129,111, -1,
              137,111,118, -1,
              138,130,112, -1,
              138,112,119, -1,
              139,131,113, -1,
              139,113,120, -1,
              140,114,121, -1,
              140,132,114, -1,
              141,115,122, -1,
              141,133,115, -1,
              142,134,20, -1,
              143,135,116, -1,
              143,116,123, -1,
              144,136,117, -1,
              144,117,124, -1,
              145,10,125, -1,
              145,11,10, -1,
              145,12,11, -1,
              146,137,118, -1,
              146,118,126, -1,
              147,119,127, -1,
              147,138,119, -1,
              148,120,128, -1,
              148,139,120, -1,
              149,121,129, -1,
              149,140,121, -1,
              150,122,130, -1,
              150,141,122, -1,
              151,142,20, -1,
              152,123,131, -1,
              152,143,123, -1,
              153,124,132, -1,
              153,144,124, -1,
              154,145,125, -1,
              154,125,133, -1,
              155,126,134, -1,
              155,146,126, -1,
              156,147,127, -1,
              156,127,135, -1,
              157,128,136, -1,
              157,148,128, -1,
              158,129,137, -1,
              158,149,129, -1,
              159,130,138, -1,
              159,150,130, -1,
              160,151,20, -1,
              161,152,131, -1,
              161,131,139, -1,
              162,153,132, -1,
              162,132,140, -1,
              163,154,133, -1,
              163,133,141, -1,
              164,155,134, -1,
              164,134,142, -1,
              165,156,135, -1,
              165,135,143, -1,
              166,136,144, -1,
              166,157,136, -1,
              167,158,137, -1,
              167,137,146, -1,
              168,159,138, -1,
              168,138,147, -1,
              169,160,20, -1,
              170,139,148, -1,
              170,161,139, -1,
              171,140,149, -1,
              171,162,140, -1,
              172,163,141, -1,
              172,141,150, -1,
              173,164,142, -1,
              173,142,151, -1,
              174,143,152, -1,
              174,165,143, -1,
              175,166,144, -1,
              175,144,153, -1,
              176,145,154, -1,
              176,12,145, -1,
              177,146,155, -1,
              177,167,146, -1,
              178,147,156, -1,
              178,168,147, -1,
              179,169,20, -1,
              180,170,148, -1,
              180,148,157, -1,
              181,171,149, -1,
              181,149,158, -1,
              182,150,159, -1,
              182,172,150, -1,
              183,173,151, -1,
              183,151,160, -1,
              184,174,152, -1,
              184,152,161, -1,
              185,153,162, -1,
              185,175,153, -1,
              186,154,163, -1,
              186,176,154, -1,
              187,155,164, -1,
              187,177,155, -1,
              188,156,165, -1,
              188,178,156, -1,
              189,179,20, -1,
              190,180,157, -1,
              190,157,166, -1,
              191,181,158, -1,
              191,158,167, -1,
              192,159,168, -1,
              192,182,159, -1,
              193,160,169, -1,
              193,183,160, -1,
              194,184,161, -1,
              194,161,170, -1,
              195,162,171, -1,
              195,185,162, -1,
              196,186,163, -1,
              196,163,172, -1,
              197,187,164, -1,
              197,164,173, -1,
              198,188,165, -1,
              198,165,174, -1,
              199,189,20, -1,
              200,190,166, -1,
              200,166,175, -1,
              201,13,12, -1,
              201,14,13, -1,
              201,12,176, -1,
              202,191,167, -1,
              202,167,177, -1,
              203,192,168, -1,
              203,168,178, -1,
              204,193,169, -1,
              204,169,179, -1,
              205,194,170, -1,
              205,170,180, -1,
              206,195,171, -1,
              206,171,181, -1,
              207,172,182, -1,
              207,196,172, -1,
              208,197,173, -1,
              208,173,183, -1,
              209,198,174, -1,
              209,174,184, -1,
              210,199,20, -1,
              211,175,185, -1,
              211,200,175, -1,
              212,176,186, -1,
              212,201,176, -1,
              213,177,187, -1,
              213,202,177, -1,
              214,203,178, -1,
              214,178,188, -1,
              215,204,179, -1,
              215,179,189, -1,
              216,180,190, -1,
              216,205,180, -1,
              217,181,191, -1,
              217,206,181, -1,
              218,182,192, -1,
              218,207,182, -1,
              219,183,193, -1,
              219,208,183, -1,
              220,209,184, -1,
              220,184,194, -1,
              221,210,20, -1,
              222,185,195, -1,
              222,211,185, -1,
              223,186,196, -1,
              223,212,186, -1,
              224,213,187, -1,
              224,187,197, -1,
              225,188,198, -1,
              225,214,188, -1,
              226,189,199, -1,
              226,215,189, -1,
              227,216,190, -1,
              227,190,200, -1,
              228,191,202, -1,
              228,217,191, -1,
              229,218,192, -1,
              229,192,203, -1,
              230,193,204, -1,
              230,219,193, -1,
              231,194,205, -1,
              231,220,194, -1,
              232,221,20, -1,
              233,222,195, -1,
              233,195,206, -1,
              234,223,196, -1,
              234,196,207, -1,
              235,197,208, -1,
              235,224,197, -1,
              236,225,198, -1,
              236,198,209, -1,
              237,226,199, -1,
              237,199,210, -1,
              238,227,200, -1,
              238,200,211, -1,
              239,14,201, -1,
              239,201,212, -1,
              240,228,202, -1,
              240,202,213, -1,
              241,229,203, -1,
              241,203,214, -1,
              242,204,215, -1,
              242,230,204, -1,
              243,205,216, -1,
              243,231,205, -1,
              244,232,20, -1,
              245,206,217, -1,
              245,233,206, -1,
              246,207,218, -1,
              246,234,207, -1,
              247,208,219, -1,
              247,235,208, -1,
              248,209,220, -1,
              248,236,209, -1,
              249,210,221, -1,
              249,237,210, -1,
              250,238,211, -1,
              250,211,222, -1,
              251,212,223, -1,
              251,239,212, -1,
              252,213,224, -1,
              252,240,213, -1,
              253,214,225, -1,
              253,241,214, -1,
              254,242,215, -1,
              254,215,226, -1,
              255,243,216, -1,
              255,216,227, -1,
              256,20,21, -1,
              256,21,22, -1,
              256,244,20, -1,
              257,217,228, -1,
              257,245,217, -1,
              258,218,229, -1,
              258,246,218, -1,
              259,219,230, -1,
              259,247,219, -1,
              260,248,220, -1,
              260,220,231, -1,
              261,221,232, -1,
              261,249,221, -1,
              262,250,222, -1,
              262,222,233, -1,
              263,251,223, -1,
              263,223,234, -1,
              264,224,235, -1,
              264,252,224, -1,
              265,225,236, -1,
              265,253,225, -1,
              266,254,226, -1,
              266,226,237, -1,
              267,227,238, -1,
              267,255,227, -1,
              268,15,14, -1,
              268,16,15, -1,
              268,14,239, -1,
              269,257,228, -1,
              269,228,240, -1,
              270,229,241, -1,
              270,258,229, -1,
              271,230,242, -1,
              271,259,230, -1,
              272,260,231, -1,
              272,231,243, -1,
              273,261,232, -1,
              273,232,244, -1,
              274,262,233, -1,
              274,233,245, -1,
              275,263,234, -1,
              275,234,246, -1,
              276,264,235, -1,
              276,235,247, -1,
              277,265,236, -1,
              277,236,248, -1,
              278,237,249, -1,
              278,266,237, -1,
              279,238,250, -1,
              279,267,238, -1,
              280,268,239, -1,
              280,239,251, -1,
              281,240,252, -1,
              281,269,240, -1,
              282,241,253, -1,
              282,270,241, -1,
              283,271,242, -1,
              283,242,254, -1,
              284,243,255, -1,
              284,272,243, -1,
              285,256,22, -1,
              285,244,256, -1,
              285,273,244, -1,
              286,245,257, -1,
              286,274,245, -1,
              287,275,246, -1,
              287,246,258, -1,
              288,247,259, -1,
              288,276,247, -1,
              289,248,260, -1,
              289,277,248, -1,
              290,249,261, -1,
              290,278,249, -1,
              291,250,262, -1,
              291,279,250, -1,
              292,251,263, -1,
              292,280,251, -1,
              293,252,264, -1,
              293,281,252, -1,
              294,253,265, -1,
              294,282,253, -1,
              295,283,254, -1,
              295,254,266, -1,
              296,284,255, -1,
              296,255,267, -1,
              297,286,257, -1,
              297,257,269, -1,
              298,258,270, -1,
              298,287,258, -1,
              299,259,271, -1,
              299,288,259, -1,
              300,289,260, -1,
              300,260,272, -1,
              301,290,261, -1,
              301,261,273, -1,
              302,262,274, -1,
              302,291,262, -1,
              303,292,263, -1,
              303,263,275, -1,
              304,293,264, -1,
              304,264,276, -1,
              305,294,265, -1,
              305,265,277, -1,
              306,295,266, -1,
              306,266,278, -1,
              307,296,267, -1,
              307,267,279, -1,
              308,16,268, -1,
              308,268,280, -1,
              309,297,269, -1,
              309,269,281, -1,
              310,270,282, -1,
              310,298,270, -1,
              311,299,271, -1,
              311,271,283, -1,
              312,272,284, -1,
              312,300,272, -1,
              313,273,285, -1,
              313,301,273, -1,
              314,274,286, -1,
              314,302,274, -1,
              315,303,275, -1,
              315,275,287, -1,
              316,276,288, -1,
              316,304,276, -1,
              317,305,277, -1,
              317,277,289, -1,
              318,306,278, -1,
              318,278,290, -1,
              319,307,279, -1,
              319,279,291, -1,
              320,280,292, -1,
              320,308,280, -1,
              321,281,293, -1,
              321,309,281, -1,
              322,310,282, -1,
              322,282,294, -1,
              323,311,283, -1,
              323,283,295, -1,
              324,284,296, -1,
              324,312,284, -1,
              325,313,285, -1,
              325,22,23, -1,
              325,23,24, -1,
              325,285,22, -1,
              326,286,297, -1,
              326,314,286, -1,
              327,287,298, -1,
              327,315,287, -1,
              328,316,288, -1,
              328,288,299, -1,
              329,289,300, -1,
              329,317,289, -1,
              330,290,301, -1,
              330,318,290, -1,
              331,291,302, -1,
              331,319,291, -1,
              332,292,303, -1,
              332,320,292, -1,
              333,321,293, -1,
              333,293,304, -1,
              334,322,294, -1,
              334,294,305, -1,
              335,323,295, -1,
              335,295,306, -1,
              336,324,296, -1,
              336,296,307, -1,
              337,17,16, -1,
              337,18,17, -1,
              337,16,308, -1,
              338,326,297, -1,
              338,297,309, -1,
              339,327,298, -1,
              339,298,310, -1,
              340,328,299, -1,
              340,299,311, -1,
              341,329,300, -1,
              341,300,312, -1,
              342,330,301, -1,
              342,301,313, -1,
              343,331,302, -1,
              343,302,314, -1,
              344,303,315, -1,
              344,332,303, -1,
              345,304,316, -1,
              345,333,304, -1,
              346,305,317, -1,
              346,334,305, -1,
              347,335,306, -1,
              347,306,318, -1,
              348,336,307, -1,
              348,307,319, -1,
              349,308,320, -1,
              349,337,308, -1,
              350,309,321, -1,
              350,338,309, -1,
              351,339,310, -1,
              351,310,322, -1,
              352,311,323, -1,
              352,340,311, -1,
              353,312,324, -1,
              353,341,312, -1,
              354,313,325, -1,
              354,342,313, -1,
              354,325,24, -1,
              355,314,326, -1,
              355,343,314, -1,
              356,315,327, -1,
              356,344,315, -1,
              357,316,328, -1,
              357,345,316, -1,
              358,317,329, -1,
              358,346,317, -1,
              359,347,318, -1,
              359,318,330, -1,
              360,319,331, -1,
              360,348,319, -1,
              361,320,332, -1,
              361,349,320, -1,
              362,350,321, -1,
              362,321,333, -1,
              363,351,322, -1,
              363,322,334, -1,
              364,323,335, -1,
              364,352,323, -1,
              365,324,336, -1,
              365,353,324, -1,
              366,355,326, -1,
              366,326,338, -1,
              367,327,339, -1,
              367,356,327, -1,
              368,328,340, -1,
              368,357,328, -1,
              369,358,329, -1,
              369,329,341, -1,
              370,359,330, -1,
              370,330,342, -1,
              371,360,331, -1,
              371,331,343, -1,
              372,361,332, -1,
              372,332,344, -1,
              373,362,333, -1,
              373,333,345, -1,
              374,363,334, -1,
              374,334,346, -1,
              375,364,335, -1,
              375,335,347, -1,
              376,365,336, -1,
              376,336,348, -1,
              377,18,337, -1,
              377,337,349, -1,
              378,366,338, -1,
              378,338,350, -1,
              379,339,351, -1,
              379,367,339, -1,
              380,368,340, -1,
              380,340,352, -1,
              381,341,353, -1,
              381,369,341, -1,
              382,370,342, -1,
              382,342,354, -1,
              383,343,355, -1,
              383,371,343, -1,
              384,344,356, -1,
              384,372,344, -1,
              385,345,357, -1,
              385,373,345, -1,
              386,374,346, -1,
              386,346,358, -1,
              387,375,347, -1,
              387,347,359, -1,
              388,348,360, -1,
              388,376,348, -1,
              389,349,361, -1,
              389,377,349, -1,
              390,350,362, -1,
              390,378,350, -1,
              391,351,363, -1,
              391,379,351, -1,
              392,352,364, -1,
              392,380,352, -1,
              393,381,353, -1,
              393,353,365, -1,
              394,354,24, -1,
              394,24,25, -1,
              394,25,26, -1,
              394,382,354, -1,
              395,355,366, -1,
              395,383,355, -1,
              396,356,367, -1,
              396,384,356, -1,
              397,357,368, -1,
              397,385,357, -1,
              398,386,358, -1,
              398,358,369, -1,
              399,359,370, -1,
              399,387,359, -1,
              400,388,360, -1,
              400,360,371, -1,
              401,361,372, -1,
              401,389,361, -1,
              402,362,373, -1,
              402,390,362, -1,
              403,363,374, -1,
              403,391,363, -1,
              404,392,364, -1,
              404,364,375, -1,
              405,365,376, -1,
              405,393,365, -1,
              406,19,18, -1,
              406,0,19, -1,
              406,18,377, -1,
              407,366,378, -1,
              407,395,366, -1,
              408,396,367, -1,
              408,367,379, -1,
              409,397,368, -1,
              409,368,380, -1,
              410,398,369, -1,
              410,369,381, -1,
              411,399,370, -1,
              411,370,382, -1,
              412,400,371, -1,
              412,371,383, -1,
              413,372,384, -1,
              413,401,372, -1,
              414,373,385, -1,
              414,402,373, -1,
              415,374,386, -1,
              415,403,374, -1,
              416,375,387, -1,
              416,404,375, -1,
              417,376,388, -1,
              417,405,376, -1,
              418,0,406, -1,
              418,406,377, -1,
              418,377,389, -1,
              419,378,390, -1,
              419,407,378, -1,
              420,379,391, -1,
              420,408,379, -1,
              421,380,392, -1,
              421,409,380, -1,
              422,381,393, -1,
              422,410,381, -1,
              423,394,26, -1,
              423,382,394, -1,
              423,411,382, -1,
              424,412,383, -1,
              424,383,395, -1,
              425,384,396, -1,
              425,413,384, -1,
              426,414,385, -1,
              426,385,397, -1,
              427,386,398, -1,
              427,415,386, -1,
              428,416,387, -1,
              428,387,399, -1,
              429,388,400, -1,
              429,417,388, -1,
              430,418,389, -1,
              430,389,401, -1,
              430,0,418, -1,
              431,390,402, -1,
              431,419,390, -1,
              432,420,391, -1,
              432,391,403, -1,
              433,392,404, -1,
              433,421,392, -1,
              434,422,393, -1,
              434,393,405, -1,
              435,424,395, -1,
              435,395,407, -1,
              436,396,408, -1,
              436,425,396, -1,
              437,397,409, -1,
              437,426,397, -1,
              438,398,410, -1,
              438,427,398, -1,
              439,428,399, -1,
              439,399,411, -1,
              440,429,400, -1,
              440,400,412, -1,
              441,401,413, -1,
              441,430,401, -1,
              441,0,430, -1,
              442,431,402, -1,
              442,402,414, -1,
              443,432,403, -1,
              443,403,415, -1,
              444,433,404, -1,
              444,404,416, -1,
              445,434,405, -1,
              445,405,417, -1,
              446,407,419, -1,
              446,435,407, -1,
              447,408,420, -1,
              447,436,408, -1,
              448,409,421, -1,
              448,437,409, -1,
              449,438,410, -1,
              449,410,422, -1,
              450,411,423, -1,
              450,439,411, -1,
              451,412,424, -1,
              451,440,412, -1,
              452,413,425, -1,
              452,441,413, -1,
              452,0,441, -1,
              453,414,426, -1,
              453,442,414, -1,
              454,443,415, -1,
              454,415,427, -1,
              455,444,416, -1,
              455,416,428, -1,
              456,417,429, -1,
              456,445,417, -1,
              457,419,431, -1,
              457,446,419, -1,
              458,420,432, -1,
              458,447,420, -1,
              459,421,433, -1,
              459,448,421, -1,
              460,422,434, -1,
              460,449,422, -1,
              461,26,27, -1,
              461,27,28, -1,
              461,423,26, -1,
              461,450,423, -1,
              462,451,424, -1,
              462,424,435, -1,
              463,452,425, -1,
              463,425,436, -1,
              463,0,452, -1,
              464,426,437, -1,
              464,453,426, -1,
              465,427,438, -1,
              465,454,427, -1,
              466,428,439, -1,
              466,455,428, -1,
              467,429,440, -1,
              467,456,429, -1,
              468,457,431, -1,
              468,431,442, -1,
              469,458,432, -1,
              469,432,443, -1,
              470,433,444, -1,
              470,459,433, -1,
              471,460,434, -1,
              471,434,445, -1,
              472,462,435, -1,
              472,435,446, -1,
              473,0,463, -1,
              473,463,436, -1,
              473,436,447, -1,
              474,437,448, -1,
              474,464,437, -1,
              475,465,438, -1,
              475,438,449, -1,
              476,466,439, -1,
              476,439,450, -1,
              477,440,451, -1,
              477,467,440, -1,
              478,442,453, -1,
              478,468,442, -1,
              479,469,443, -1,
              479,443,454, -1,
              480,470,444, -1,
              480,444,455, -1,
              481,445,456, -1,
              481,471,445, -1,
              482,472,446, -1,
              482,446,457, -1,
              483,0,473, -1,
              483,473,447, -1,
              483,447,458, -1,
              484,448,459, -1,
              484,474,448, -1,
              485,449,460, -1,
              485,475,449, -1,
              486,461,28, -1,
              486,450,461, -1,
              486,476,450, -1,
              487,451,462, -1,
              487,477,451, -1,
              488,453,464, -1,
              488,478,453, -1,
              489,454,465, -1,
              489,479,454, -1,
              490,455,466, -1,
              490,480,455, -1,
              491,456,467, -1,
              491,481,456, -1,
              492,457,468, -1,
              492,482,457, -1,
              493,0,483, -1,
              493,458,469, -1,
              493,483,458, -1,
              494,459,470, -1,
              494,484,459, -1,
              495,460,471, -1,
              495,485,460, -1,
              496,462,472, -1,
              496,487,462, -1,
              497,488,464, -1,
              497,464,474, -1,
              498,489,465, -1,
              498,465,475, -1,
              499,490,466, -1,
              499,466,476, -1,
              500,467,477, -1,
              500,491,467, -1,
              501,492,468, -1,
              501,468,478, -1,
              502,493,469, -1,
              502,469,479, -1,
              502,0,493, -1,
              503,470,480, -1,
              503,494,470, -1,
              504,495,471, -1,
              504,471,481, -1,
              505,496,472, -1,
              505,472,482, -1,
              506,474,484, -1,
              506,497,474, -1,
              507,475,485, -1,
              507,498,475, -1,
              508,499,476, -1,
              508,476,486, -1,
              509,477,487, -1,
              509,500,477, -1,
              510,478,488, -1,
              510,501,478, -1,
              511,479,489, -1,
              511,502,479, -1,
              511,0,502, -1,
              512,503,480, -1,
              512,480,490, -1,
              513,504,481, -1,
              513,481,491, -1,
              514,505,482, -1,
              514,482,492, -1,
              515,484,494, -1,
              515,506,484, -1,
              516,485,495, -1,
              516,507,485, -1,
              517,486,28, -1,
              517,28,29, -1,
              517,29,30, -1,
              517,508,486, -1,
              518,487,496, -1,
              518,509,487, -1,
              519,488,497, -1,
              519,510,488, -1,
              520,511,489, -1,
              520,489,498, -1,
              520,0,511, -1,
              521,490,499, -1,
              521,512,490, -1,
              522,491,500, -1,
              522,513,491, -1,
              523,492,501, -1,
              523,514,492, -1,
              524,494,503, -1,
              524,515,494, -1,
              525,495,504, -1,
              525,516,495, -1,
              526,496,505, -1,
              526,518,496, -1,
              527,497,506, -1,
              527,519,497, -1,
              528,520,498, -1,
              528,498,507, -1,
              528,0,520, -1,
              529,521,499, -1,
              529,499,508, -1,
              530,500,509, -1,
              530,522,500, -1,
              531,523,501, -1,
              531,501,510, -1,
              532,524,503, -1,
              532,503,512, -1,
              533,525,504, -1,
              533,504,513, -1,
              534,526,505, -1,
              534,505,514, -1,
              535,527,506, -1,
              535,506,515, -1,
              536,0,528, -1,
              536,528,507, -1,
              536,507,516, -1,
              537,529,508, -1,
              537,517,30, -1,
              537,508,517, -1,
              538,530,509, -1,
              538,509,518, -1,
              539,531,510, -1,
              539,510,519, -1,
              540,512,521, -1,
              540,532,512, -1,
              541,513,522, -1,
              541,533,513, -1,
              542,534,514, -1,
              542,514,523, -1,
              543,515,524, -1,
              543,535,515, -1,
              544,0,536, -1,
              544,536,516, -1,
              544,516,525, -1,
              545,538,518, -1,
              545,518,526, -1,
              546,539,519, -1,
              546,519,527, -1,
              547,521,529, -1,
              547,540,521, -1,
              548,541,522, -1,
              548,522,530, -1,
              549,523,531, -1,
              549,542,523, -1,
              550,543,524, -1,
              550,524,532, -1,
              551,544,525, -1,
              551,0,544, -1,
              551,525,533, -1,
              552,526,534, -1,
              552,545,526, -1,
              553,527,535, -1,
              553,546,527, -1,
              554,529,537, -1,
              554,547,529, -1,
              555,530,538, -1,
              555,548,530, -1,
              556,549,531, -1,
              556,531,539, -1,
              557,532,540, -1,
              557,550,532, -1,
              558,533,541, -1,
              558,0,551, -1,
              558,551,533, -1,
              559,552,534, -1,
              559,534,542, -1,
              560,535,543, -1,
              560,553,535, -1,
              561,554,537, -1,
              561,30,31, -1,
              561,537,30, -1,
              561,31,32, -1,
              562,555,538, -1,
              562,538,545, -1,
              563,556,539, -1,
              563,539,546, -1,
              564,557,540, -1,
              564,540,547, -1,
              565,1,0, -1,
              565,558,541, -1,
              565,541,548, -1,
              565,0,558, -1,
              566,559,542, -1,
              566,542,549, -1,
              567,560,543, -1,
              567,543,550, -1,
              568,545,552, -1,
              568,562,545, -1,
              569,563,546, -1,
              569,546,553, -1,
              570,547,554, -1,
              570,564,547, -1,
              571,548,555, -1,
              571,565,548, -1,
              571,1,565, -1,
              572,549,556, -1,
              572,566,549, -1,
              573,567,550, -1,
              573,550,557, -1,
              574,552,559, -1,
              574,568,552, -1,
              575,553,560, -1,
              575,569,553, -1,
              576,554,561, -1,
              576,561,32, -1,
              576,570,554, -1,
              577,555,562, -1,
              577,571,555, -1,
              577,1,571, -1,
              578,572,556, -1,
              578,556,563, -1,
              579,573,557, -1,
              579,557,564, -1,
              580,574,559, -1,
              580,559,566, -1,
              581,560,567, -1,
              581,575,560, -1,
              582,1,577, -1,
              582,562,568, -1,
              582,577,562, -1,
              583,563,569, -1,
              583,578,563, -1,
              584,564,570, -1,
              584,579,564, -1,
              585,580,566, -1,
              585,566,572, -1,
              586,567,573, -1,
              586,581,567, -1,
              587,1,582, -1,
              587,568,574, -1,
              587,582,568, -1,
              588,583,569, -1,
              588,569,575, -1,
              589,570,576, -1,
              589,584,570, -1,
              590,585,572, -1,
              590,572,578, -1,
              591,586,573, -1,
              591,573,579, -1,
              592,587,574, -1,
              592,574,580, -1,
              592,1,587, -1,
              593,588,575, -1,
              593,575,581, -1,
              594,589,576, -1,
              594,32,33, -1,
              594,33,34, -1,
              594,576,32, -1,
              595,590,578, -1,
              595,578,583, -1,
              596,591,579, -1,
              596,579,584, -1,
              597,1,592, -1,
              597,592,580, -1,
              597,580,585, -1,
              598,593,581, -1,
              598,581,586, -1,
              599,595,583, -1,
              599,583,588, -1,
              600,584,589, -1,
              600,596,584, -1,
              601,585,590, -1,
              601,1,597, -1,
              601,597,585, -1,
              602,586,591, -1,
              602,598,586, -1,
              603,599,588, -1,
              603,588,593, -1,
              604,594,34, -1,
              604,600,589, -1,
              604,589,594, -1,
              605,601,590, -1,
              605,590,595, -1,
              605,1,601, -1,
              606,602,591, -1,
              606,591,596, -1,
              607,593,598, -1,
              607,603,593, -1,
              608,595,599, -1,
              608,605,595, -1,
              608,1,605, -1,
              609,596,600, -1,
              609,606,596, -1,
              610,598,602, -1,
              610,607,598, -1,
              611,599,603, -1,
              611,608,599, -1,
              611,1,608, -1,
              612,609,600, -1,
              612,600,604, -1,
              613,610,602, -1,
              613,602,606, -1,
              614,1,611, -1,
              614,611,603, -1,
              614,603,607, -1,
              615,34,35, -1,
              615,35,36, -1,
              615,604,34, -1,
              615,612,604, -1,
              616,606,609, -1,
              616,613,606, -1,
              617,607,610, -1,
              617,1,614, -1,
              617,614,607, -1,
              618,609,612, -1,
              618,616,609, -1,
              619,610,613, -1,
              619,1,617, -1,
              619,617,610, -1,
              620,615,36, -1,
              620,612,615, -1,
              620,618,612, -1,
              621,1,619, -1,
              621,619,613, -1,
              621,613,616, -1,
              622,1,621, -1,
              622,621,616, -1,
              622,616,618, -1,
              623,618,620, -1,
              623,1,622, -1,
              623,622,618, -1,
              624,623,620, -1,
              624,1,623, -1,
              624,36,37, -1,
              624,37,1, -1,
              624,620,36, -1
            ]
            normal Normal {
              vector [
                0 0 1,
                0 0 1,
                0 0 -1,
                0.173648177667 0 -0.984807753012,
                0.342020143326 0 -0.939692620786,
                0.5 0 -0.866025403784,
                0.642787609687 0 -0.766044443119,
                0.766044443119 0 -0.642787609687,
                0.866025403784 0 -0.5,
                0.939692620786 0 -0.342020143326,
                0.984807753012 0 -0.173648177667,
                1 0 0,
                0.984807753012 0 0.173648177667,
                0.939692620786 0 0.342020143326,
                0.866025403784 0 0.5,
                0.766044443119 0 0.642787609687,
                0.642787609687 0 0.766044443119,
                0.5 0 0.866025403784,
                0.342020143326 0 0.939692620786,
                0.173648177667 0 0.984807753012,
                0 0 -1,
                0.173648177667 0 -0.984807753012,
                0.342020143326 0 -0.939692620786,
                0.5 0 -0.866025403784,
                0.642787609687 0 -0.766044443119,
                0.766044443119 0 -0.642787609687,
                0.866025403784 0 -0.5,
                0.939692620786 0 -0.342020143326,
                0.984807753012 0 -0.173648177667,
                1 0 0,
                0.984807753012 0 0.173648177667,
                0.939692620786 0 0.342020143326,
                0.866025403784 0 0.5,
                0.766044443119 0 0.642787609687,
                0.642787609687 0 0.766044443119,
                0.5 0 0.866025403784,
                0.342020143326 0 0.939692620786,
                0.173648177667 0 0.984807753012,
                0.172949121155 0.0155657026384 -0.984807753012,
                0.167390394098 0.0461968134249 -0.984807753012,
                0.156451602046 0.0753431206171 -0.984807753012,
                0.140484326775 0.10206783792 -0.984807753012,
                0.336523738915 0.0610700547508 -0.939692620786,
                0.12000176965 0.125512010931 -0.984807753012,
                0.320211184643 0.120177267693 -0.939692620786,
                0.0956622569114 0.144922124638 -0.984807753012,
                0.293606779425 0.17542188437 -0.939692620786,
                0.497987146998 0.0448196544517 -0.866025403784,
                0.0682480805242 0.159674322018 -0.984807753012,
                0.257565610737 0.225028297345 -0.939692620786,
                0.481981430348 0.133018422783 -0.866025403784,
                0.0386403546743 0.169294455307 -0.984807753012,
                0.213246071394 0.26740211569 -0.939692620786,
                0.450484433951 0.216941869559 -0.866025403784,
                0.0077906960317 0.173473325507 -0.984807753012,
                0.162072627857 0.301181410018 -0.939692620786,
                0.404508497187 0.293892626146 -0.866025403784,
                -0.0233093619915 0.17207662029 -0.984807753012,
                0.632457748355 0.114774159601 -0.766044443119,
                0.105690036706 0.325280486014 -0.939692620786,
                0.345531324493 0.361397431914 -0.866025403784,
                -0.0536602379413 0.165149230913 -0.984807753012,
                0.601800174604 0.225859383275 -0.766044443119,
                0.045910480814 0.338924779548 -0.939692620786,
                0.275448490726 0.417286626861 -0.866025403784,
                -0.0822864296919 0.152913809369 -0.984807753012,
                0.551800248078 0.329685300534 -0.766044443119,
                -0.0153446757068 0.3416757518 -0.939692620786,
                0.762960573404 0.0686676944705 -0.642787609687,
                0.196512515827 0.459763886276 -0.866025403784,
                -0.108267867887 0.135763612173 -0.984807753012,
                0.484065007556 0.422914860967 -0.766044443119,
                -0.0761066417247 0.333444984257 -0.939692620786,
                0.738438392809 0.203796047211 -0.642787609687,
                0.111260466978 0.487463956091 -0.866025403784,
                -0.130769487724 0.114249860776 -0.984807753012,
                0.400771519401 0.502551589793 -0.766044443119,
                -0.134422477657 0.31449702056 -0.939692620786,
                0.69018219468 0.332374227311 -0.642787609687,
                0.0224324151753 0.499496533271 -0.866025403784,
                -0.149068068629 0.0890640248482 -0.984807753012,
                0.304596904856 0.566035897023 -0.766044443119,
                -0.188417864554 0.285440863854 -0.939692620786,
                0.61974297293 0.450269626266 -0.642787609687,
                -0.0671166329088 0.495474880884 -0.866025403784,
                -0.162575479155 0.0610155978798 -0.984807753012,
                0.852108019262 0.154634806916 -0.5,
                0.198632295167 0.611327344786 -0.766044443119,
                -0.236357346254 0.247210402921 -0.939692620786,
                0.529384702103 0.55369298895 -0.642787609687,
                -0.154508497187 0.475528258148 -0.866025403784,
                -0.170857580013 0.0310060793916 -0.984807753012,
                0.810803181883 0.304299523905 -0.5,
                0.0862834800753 0.636970228686 -0.766044443119,
                -0.276700108369 0.201034396234 -0.939692620786,
                0.422011571372 0.639320203389 -0.642787609687,
                -0.236934331236 0.440297765928 -0.866025403784,
                -0.173648177667 0 -0.984807753012,
                0.743438463107 0.444183803816 -0.5,
                -0.02883855706 0.642140365336 -0.766044443119,
                -0.308149501332 0.14839697864 -0.939692620786,
                0.93590969456 0.0842333971089 -0.342020143326,
                0.301074641505 0.704399140457 -0.642787609687,
                -0.311744900929 0.390915741234 -0.866025403784,
                -0.170857580013 -0.0310060793916 -0.984807753012,
                0.652179020424 0.569791650797 -0.5,
                -0.143033699243 0.626671582288 -0.766044443119,
                -0.329694715776 0.0909899600506 -0.939692620786,
                0.905828786908 0.249992860636 -0.342020143326,
                0.170460924935 0.746838109568 -0.642787609687,
                -0.376535733002 0.32896936297 -0.866025403784,
                -0.162575479155 -0.0610155978798 -0.984807753012,
                0.53995800741 0.677085925296 -0.5,
                -0.252631620644 0.591061058959 -0.766044443119,
                -0.340643270781 0.0306584492788 -0.939692620786,
                0.846633796726 0.407717347928 -0.342020143326,
                0.0343684539815 0.765273087338 -0.642787609687,
                -0.429224396801 0.256449638703 -0.866025403784,
                -0.149068068629 -0.0890640248482 -0.984807753012,
                0.410382299759 0.762618101047 -0.5,
                -0.354109753891 0.536453346868 -0.766044443119,
                -0.340643270781 -0.0306584492788 -0.939692620786,
                0.760227299705 0.552337464186 -0.342020143326,
                -0.102828647361 0.759111558412 -0.642787609687,
                -0.46811743532 0.175687412041 -0.866025403784,
                0.96898148727 0.175844214351 -0.173648177667,
                -0.130769487724 -0.114249860776 -0.984807753012,
                0.26761656733 0.823639103546 -0.5,
                -0.444206508286 0.464603582813 -0.766044443119,
                -0.329694715776 -0.0909899600506 -0.939692620786,
                0.649386471754 0.679204999881 -0.342020143326,
                -0.23672075137 0.7285515594 -0.642787609687,
                -0.491964794299 0.0892784473993 -0.866025403784,
                0.922011359246 0.346036650969 -0.173648177667,
                -0.108267867887 -0.135763612173 -0.984807753012,
                0.116249418231 0.858187667565 -0.5,
                -0.52002610001 0.37782107733 -0.766044443119,
                -0.308149501332 -0.14839697864 -0.939692620786,
                0.517673828284 0.784242328027 -0.342020143326,
                -0.363004455656 0.674575313814 -0.642787609687,
                -0.5 0 -0.866025403784,
                0.845407027503 0.505107184904 -0.173648177667,
                -0.0822864296919 -0.152913809369 -0.984807753012,
                -0.03885408282 0.865153373829 -0.5,
                -0.579131625001 0.278895091549 -0.766044443119,
                0.995974293995 0.0896393089034 0,
                -0.276700108369 -0.201034396234 -0.939692620786,
                0.369322722029 0.864073462474 -0.342020143326,
                -0.477620898055 0.5989176626 -0.642787609687,
                -0.491964794299 -0.0892784473993 -0.866025403784,
                0.741630618293 0.647943158312 -0.173648177667,
                -0.0536602379413 -0.165149230913 -0.984807753012,
                -0.19270878168 0.844312338808 -0.5,
                -0.619623383053 0.17100518805 -0.766044443119,
                0.963962860696 0.266036845567 0,
                -0.236357346254 -0.247210402921 -0.939692620786,
                0.209101279609 0.916132564875 -0.342020143326,
                -0.576886211804 0.504010304919 -0.642787609687,
                -0.46811743532 -0.175687412041 -0.866025403784,
                0.614017590795 0.769953705484 -0.173648177667,
                -0.0233093619915 -0.17207662029 -0.984807753012,
                -0.340369661735 0.796334410515 -0.5,
                -0.640199935746 0.057619037104 -0.766044443119,
                0.900968867902 0.433883739118 0,
                -0.188417864554 -0.285440863854 -0.939692620786,
                0.0421591500132 0.938746412845 -0.342020143326,
                -0.657609928041 0.392903641337 -0.642787609687,
                -0.429224396801 -0.256449638703 -0.866025403784,
                0.466669532713 0.86721730704 -0.173648177667,
                0.0077906960317 -0.173473325507 -0.984807753012,
                -0.477090780806 0.722761639042 -0.5,
                -0.640199935746 -0.057619037104 -0.766044443119,
                0.809016994375 0.587785252292 0,
                -0.134422477657 -0.31449702056 -0.939692620786,
                -0.126138009353 0.931188178703 -0.342020143326,
                -0.717197520108 0.269168731439 -0.642787609687,
                0.96898148727 0.175844214351 0.173648177667,
                -0.376535733002 -0.32896936297 -0.866025403784,
                0.304322331873 0.9366078308 -0.173648177667,
                0.0386403546743 -0.169294455307 -0.984807753012,
                -0.598477809629 0.625958713799 -0.5,
                -0.619623383053 -0.17100518805 -0.766044443119,
                0.691062648987 0.722794863827 0,
                -0.0761066417247 -0.333444984257 -0.939692620786,
                -0.290380989312 0.893700790313 -0.342020143326,
                -0.753733793766 0.136782517041 -0.642787609687,
                0.922011359246 0.346036650969 0.173648177667,
                -0.311744900929 -0.390915741234 -0.866025403784,
                0.132193960889 0.975895008235 -0.173648177667,
                0.0682480805242 -0.159674322018 -0.984807753012,
                -0.700629269222 0.509036960455 -0.5,
                -0.579131625001 -0.278895091549 -0.766044443119,
                0.550896981452 0.834573253721 0,
                -0.0153446757068 -0.3416757518 -0.939692620786,
                -0.445290885348 0.827489123183 -0.342020143326,
                -0.766044443119 0 -0.642787609687,
                0.845407027503 0.505107184904 0.173648177667,
                -0.236934331236 -0.440297765928 -0.866025403784,
                -0.0441832327668 0.983816117135 -0.173648177667,
                0.0956622569114 -0.144922124638 -0.984807753012,
                -0.780261927622 0.375754340365 -0.5,
                0.93590969456 0.0842333971089 0.342020143326,
                -0.52002610001 -0.37782107733 -0.766044443119,
                0.393025031654 0.919527772551 0,
                0.045910480814 -0.338924779548 -0.939692620786,
                -0.585888765942 0.734681274773 -0.342020143326,
                -0.753733793766 -0.136782517041 -0.642787609687,
                0.741630618293 0.647943158312 0.173648177667,
                -0.154508497187 -0.475528258148 -0.866025403784,
                -0.219140340968 0.960116566545 -0.173648177667,
                0.12000176965 -0.125512010931 -0.984807753012,
                -0.834816325667 0.230394666603 -0.5,
                0.905828786908 0.249992860636 0.342020143326,
                -0.444206508286 -0.464603582813 -0.766044443119,
                0.222520933956 0.974927912182 0,
                0.105690036706 -0.325280486014 -0.939692620786,
                -0.707655699528 0.618260165695 -0.342020143326,
                -0.717197520108 -0.269168731439 -0.642787609687,
                0.614017590795 0.769953705484 0.173648177667,
                -0.0671166329088 -0.495474880884 -0.866025403784,
                -0.387054098301 0.905558079519 -0.173648177667,
                0.140484326775 -0.10206783792 -0.984807753012,
                -0.862539040116 0.0776299186881 -0.5,
                0.846633796726 0.407717347928 0.342020143326,
                -0.354109753891 -0.536453346868 -0.766044443119,
                0.0448648303505 0.998993066541 0,
                0.162072627857 -0.301181410018 -0.939692620786,
                -0.80667799667 0.481967666185 -0.342020143326,
                -0.657609928041 -0.392903641337 -0.642787609687,
                0.466669532713 0.86721730704 0.173648177667,
                0.0224324151753 -0.499496533271 -0.866025403784,
                -0.542527618445 0.821894210721 -0.173648177667,
                0.156451602046 -0.0753431206171 -0.984807753012,
                -0.862539040116 -0.0776299186881 -0.5,
                0.760227299705 0.552337464186 0.342020143326,
                -0.252631620644 -0.591061058959 -0.766044443119,
                -0.134233265818 0.990949761768 0,
                0.213246071394 -0.26740211569 -0.939692620786,
                -0.879772999263 0.330184329319 -0.342020143326,
                0.852108019262 0.154634806916 0.5,
                -0.576886211804 -0.504010304919 -0.642787609687,
                0.304322331873 0.9366078308 0.173648177667,
                0.111260466978 -0.487463956091 -0.866025403784,
                -0.680563854539 0.711813985735 -0.173648177667,
                0.167390394098 -0.0461968134249 -0.984807753012,
                -0.834816325667 -0.230394666603 -0.5,
                0.649386471754 0.679204999881 0.342020143326,
                -0.143033699243 -0.626671582288 -0.766044443119,
                -0.309016994375 0.951056516295 0,
                0.257565610737 -0.225028297345 -0.939692620786,
                -0.924591373779 0.167788596433 -0.342020143326,
                0.810803181883 0.304299523905 0.5,
                -0.477620898055 -0.5989176626 -0.642787609687,
                0.132193960889 0.975895008235 0.173648177667,
                0.196512515827 -0.459763886276 -0.866025403784,
                -0.796726208379 0.578855473564 -0.173648177667,
                0.172949121155 -0.0155657026384 -0.984807753012,
                -0.780261927622 -0.375754340365 -0.5,
                0.517673828284 0.784242328027 0.342020143326,
                -0.02883855706 -0.642140365336 -0.766044443119,
                -0.473868662473 0.880595531857 0,
                0.293606779425 -0.17542188437 -0.939692620786,
                -0.939692620786 0 -0.342020143326,
                0.743438463107 0.444183803816 0.5,
                -0.363004455656 -0.674575313814 -0.642787609687,
                -0.0441832327668 0.983816117135 0.173648177667,
                0.275448490726 -0.417286626861 -0.866025403784,
                -0.887281126333 0.427292070189 -0.173648177667,
                0.762960573404 0.0686676944705 0.642787609687,
                -0.700629269222 -0.509036960455 -0.5,
                0.369322722029 0.864073462474 0.342020143326,
                0.0862834800753 -0.636970228686 -0.766044443119,
                -0.623489801859 0.781831482468 0,
                0.320211184643 -0.120177267693 -0.939692620786,
                -0.924591373779 -0.167788596433 -0.342020143326,
                0.652179020424 0.569791650797 0.5,
                -0.23672075137 -0.7285515594 -0.642787609687,
                -0.219140340968 0.960116566545 0.173648177667,
                0.345531324493 -0.361397431914 -0.866025403784,
                -0.949318098829 0.261995148101 -0.173648177667,
                0.738438392809 0.203796047211 0.642787609687,
                -0.598477809629 -0.625958713799 -0.5,
                0.209101279609 0.916132564875 0.342020143326,
                0.198632295167 -0.611327344786 -0.766044443119,
                -0.753071466004 0.65793872594 0,
                0.336523738915 -0.0610700547508 -0.939692620786,
                -0.879772999263 -0.330184329319 -0.342020143326,
                0.53995800741 0.677085925296 0.5,
                -0.102828647361 -0.759111558412 -0.642787609687,
                -0.387054098301 0.905558079519 0.173648177667,
                0.404508497187 -0.293892626146 -0.866025403784,
                -0.980843206527 0.0882774863828 -0.173648177667,
                0.69018219468 0.332374227311 0.642787609687,
                -0.477090780806 -0.722761639042 -0.5,
                0.0421591500132 0.938746412845 0.342020143326,
                0.304596904856 -0.566035897023 -0.766044443119,
                -0.858448793602 0.512899277406 0,
                -0.80667799667 -0.481967666185 -0.342020143326,
                0.410382299759 0.762618101047 0.5,
                0.0343684539815 -0.765273087338 -0.642787609687,
                -0.542527618445 0.821894210721 0.173648177667,
                0.450484433951 -0.216941869559 -0.866025403784,
                -0.980843206527 -0.0882774863828 -0.173648177667,
                0.61974297293 0.450269626266 0.642787609687,
                -0.340369661735 -0.796334410515 -0.5,
                -0.126138009353 0.931188178703 0.342020143326,
                0.400771519401 -0.502551589793 -0.766044443119,
                -0.93623487064 0.351374824081 0,
                0.632457748355 0.114774159601 0.766044443119,
                -0.707655699528 -0.618260165695 -0.342020143326,
                0.26761656733 0.823639103546 0.5,
                0.170460924935 -0.746838109568 -0.642787609687,
                -0.680563854539 0.711813985735 0.173648177667,
                0.481981430348 -0.133018422783 -0.866025403784,
                -0.949318098829 -0.261995148101 -0.173648177667,
                0.529384702103 0.55369298895 0.642787609687,
                -0.19270878168 -0.844312338808 -0.5,
                -0.290380989312 0.893700790313 0.342020143326,
                0.484065007556 -0.422914860967 -0.766044443119,
                -0.983929588599 0.178556894799 0,
                0.601800174604 0.225859383275 0.766044443119,
                -0.585888765942 -0.734681274773 -0.342020143326,
                0.116249418231 0.858187667565 0.5,
                0.301074641505 -0.704399140457 -0.642787609687,
                -0.796726208379 0.578855473564 0.173648177667,
                0.497987146998 -0.0448196544517 -0.866025403784,
                -0.887281126333 -0.427292070189 -0.173648177667,
                0.422011571372 0.639320203389 0.642787609687,
                -0.03885408282 -0.865153373829 -0.5,
                -0.445290885348 0.827489123183 0.342020143326,
                0.551800248078 -0.329685300534 -0.766044443119,
                -1 0 0,
                0.551800248078 0.329685300534 0.766044443119,
                -0.445290885348 -0.827489123183 -0.342020143326,
                -0.03885408282 0.865153373829 0.5,
                0.422011571372 -0.639320203389 -0.642787609687,
                -0.887281126333 0.427292070189 0.173648177667,
                0.497987146998 0.0448196544517 0.866025403784,
                -0.796726208379 -0.578855473564 -0.173648177667,
                0.301074641505 0.704399140457 0.642787609687,
                0.116249418231 -0.858187667565 -0.5,
                -0.585888765942 0.734681274773 0.342020143326,
                0.601800174604 -0.225859383275 -0.766044443119,
                -0.983929588599 -0.178556894799 0,
                0.484065007556 0.422914860967 0.766044443119,
                -0.290380989312 -0.893700790313 -0.342020143326,
                -0.19270878168 0.844312338808 0.5,
                0.529384702103 -0.55369298895 -0.642787609687,
                -0.949318098829 0.261995148101 0.173648177667,
                0.481981430348 0.133018422783 0.866025403784,
                -0.680563854539 -0.711813985735 -0.173648177667,
                0.170460924935 0.746838109568 0.642787609687,
                0.26761656733 -0.823639103546 -0.5,
                -0.707655699528 0.618260165695 0.342020143326,
                0.632457748355 -0.114774159601 -0.766044443119,
                -0.93623487064 -0.351374824081 0,
                0.400771519401 0.502551589793 0.766044443119,
                -0.126138009353 -0.931188178703 -0.342020143326,
                -0.340369661735 0.796334410515 0.5,
                0.61974297293 -0.450269626266 -0.642787609687,
                -0.980843206527 0.0882774863828 0.173648177667,
                0.450484433951 0.216941869559 0.866025403784,
                -0.542527618445 -0.821894210721 -0.173648177667,
                0.0343684539815 0.765273087338 0.642787609687,
                0.410382299759 -0.762618101047 -0.5,
                -0.80667799667 0.481967666185 0.342020143326,
                -0.858448793602 -0.512899277406 0,
                0.304596904856 0.566035897023 0.766044443119,
                0.0421591500132 -0.938746412845 -0.342020143326,
                -0.477090780806 0.722761639042 0.5,
                0.69018219468 -0.332374227311 -0.642787609687,
                -0.980843206527 -0.0882774863828 0.173648177667,
                0.404508497187 0.293892626146 0.866025403784,
                -0.387054098301 -0.905558079519 -0.173648177667,
                -0.102828647361 0.759111558412 0.642787609687,
                0.53995800741 -0.677085925296 -0.5,
                -0.879772999263 0.330184329319 0.342020143326,
                0.336523738915 0.0610700547508 0.939692620786,
                -0.753071466004 -0.65793872594 0,
                0.198632295167 0.611327344786 0.766044443119,
                0.209101279609 -0.916132564875 -0.342020143326,
                -0.598477809629 0.625958713799 0.5,
                0.738438392809 -0.203796047211 -0.642787609687,
                -0.949318098829 -0.261995148101 0.173648177667,
                0.345531324493 0.361397431914 0.866025403784,
                -0.219140340968 -0.960116566545 -0.173648177667,
                -0.23672075137 0.7285515594 0.642787609687,
                0.652179020424 -0.569791650797 -0.5,
                -0.924591373779 0.167788596433 0.342020143326,
                0.320211184643 0.120177267693 0.939692620786,
                -0.623489801859 -0.781831482468 0,
                0.0862834800753 0.636970228686 0.766044443119,
                0.369322722029 -0.864073462474 -0.342020143326,
                -0.700629269222 0.509036960455 0.5,
                0.762960573404 -0.0686676944705 -0.642787609687,
                -0.887281126333 -0.427292070189 0.173648177667,
                0.275448490726 0.417286626861 0.866025403784,
                -0.0441832327668 -0.983816117135 -0.173648177667,
                -0.363004455656 0.674575313814 0.642787609687,
                0.743438463107 -0.444183803816 -0.5,
                -0.939692620786 0 0.342020143326,
                0.293606779425 0.17542188437 0.939692620786,
                -0.473868662473 -0.880595531857 0,
                -0.02883855706 0.642140365336 0.766044443119,
                0.517673828284 -0.784242328027 -0.342020143326,
                -0.780261927622 0.375754340365 0.5,
                0.172949121155 0.0155657026384 0.984807753012,
                -0.796726208379 -0.578855473564 0.173648177667,
                0.196512515827 0.459763886276 0.866025403784,
                0.132193960889 -0.975895008235 -0.173648177667,
                -0.477620898055 0.5989176626 0.642787609687,
                0.810803181883 -0.304299523905 -0.5,
                -0.924591373779 -0.167788596433 0.342020143326,
                0.257565610737 0.225028297345 0.939692620786,
                -0.309016994375 -0.951056516295 0,
                -0.143033699243 0.626671582288 0.766044443119,
                0.649386471754 -0.679204999881 -0.342020143326,
                -0.834816325667 0.230394666603 0.5,
                0.167390394098 0.0461968134249 0.984807753012,
                -0.680563854539 -0.711813985735 0.173648177667,
                0.111260466978 0.487463956091 0.866025403784,
                0.304322331873 -0.9366078308 -0.173648177667,
                -0.576886211804 0.504010304919 0.642787609687,
                0.852108019262 -0.154634806916 -0.5,
                -0.879772999263 -0.330184329319 0.342020143326,
                0.213246071394 0.26740211569 0.939692620786,
                -0.134233265818 -0.990949761768 0,
                -0.252631620644 0.591061058959 0.766044443119,
                0.760227299705 -0.552337464186 -0.342020143326,
                -0.862539040116 0.0776299186881 0.5,
                0.156451602046 0.0753431206171 0.984807753012,
                -0.542527618445 -0.821894210721 0.173648177667,
                0.0224324151753 0.499496533271 0.866025403784,
                0.466669532713 -0.86721730704 -0.173648177667,
                -0.657609928041 0.392903641337 0.642787609687,
                -0.80667799667 -0.481967666185 0.342020143326,
                0.162072627857 0.301181410018 0.939692620786,
                0.0448648303505 -0.998993066541 0,
                -0.354109753891 0.536453346868 0.766044443119,
                0.846633796726 -0.407717347928 -0.342020143326,
                -0.862539040116 -0.0776299186881 0.5,
                0.140484326775 0.10206783792 0.984807753012,
                -0.387054098301 -0.905558079519 0.173648177667,
                -0.0671166329088 0.495474880884 0.866025403784,
                0.614017590795 -0.769953705484 -0.173648177667,
                -0.717197520108 0.269168731439 0.642787609687,
                -0.707655699528 -0.618260165695 0.342020143326,
                0.105690036706 0.325280486014 0.939692620786,
                0.222520933956 -0.974927912182 0,
                -0.444206508286 0.464603582813 0.766044443119,
                0.905828786908 -0.249992860636 -0.342020143326,
                -0.834816325667 -0.230394666603 0.5,
                0.12000176965 0.125512010931 0.984807753012,
                -0.219140340968 -0.960116566545 0.173648177667,
                -0.154508497187 0.475528258148 0.866025403784,
                0.741630618293 -0.647943158312 -0.173648177667,
                -0.753733793766 0.136782517041 0.642787609687,
                -0.585888765942 -0.734681274773 0.342020143326,
                0.045910480814 0.338924779548 0.939692620786,
                0.393025031654 -0.919527772551 0,
                -0.52002610001 0.37782107733 0.766044443119,
                0.93590969456 -0.0842333971089 -0.342020143326,
                -0.780261927622 -0.375754340365 0.5,
                0.0956622569114 0.144922124638 0.984807753012,
                -0.0441832327668 -0.983816117135 0.173648177667,
                -0.236934331236 0.440297765928 0.866025403784,
                0.845407027503 -0.505107184904 -0.173648177667,
                -0.766044443119 0 0.642787609687,
                -0.445290885348 -0.827489123183 0.342020143326,
                -0.0153446757068 0.3416757518 0.939692620786,
                0.550896981452 -0.834573253721 0,
                -0.579131625001 0.278895091549 0.766044443119,
                -0.700629269222 -0.509036960455 0.5,
                0.0682480805242 0.159674322018 0.984807753012,
                0.132193960889 -0.975895008235 0.173648177667,
                -0.311744900929 0.390915741234 0.866025403784,
                0.922011359246 -0.346036650969 -0.173648177667,
                -0.753733793766 -0.136782517041 0.642787609687,
                -0.290380989312 -0.893700790313 0.342020143326,
                -0.0761066417247 0.333444984257 0.939692620786,
                0.691062648987 -0.722794863827 0,
                -0.619623383053 0.17100518805 0.766044443119,
                -0.598477809629 -0.625958713799 0.5,
                0.0386403546743 0.169294455307 0.984807753012,
                0.304322331873 -0.9366078308 0.173648177667,
                -0.376535733002 0.32896936297 0.866025403784,
                0.96898148727 -0.175844214351 -0.173648177667,
                -0.717197520108 -0.269168731439 0.642787609687,
                -0.126138009353 -0.931188178703 0.342020143326,
                -0.134422477657 0.31449702056 0.939692620786,
                0.809016994375 -0.587785252292 0,
                -0.640199935746 0.057619037104 0.766044443119,
                -0.477090780806 -0.722761639042 0.5,
                0.0077906960317 0.173473325507 0.984807753012,
                0.466669532713 -0.86721730704 0.173648177667,
                -0.429224396801 0.256449638703 0.866025403784,
                -0.657609928041 -0.392903641337 0.642787609687,
                0.0421591500132 -0.938746412845 0.342020143326,
                -0.188417864554 0.285440863854 0.939692620786,
                0.900968867902 -0.433883739118 0,
                -0.640199935746 -0.057619037104 0.766044443119,
                -0.340369661735 -0.796334410515 0.5,
                -0.0233093619915 0.17207662029 0.984807753012,
                0.614017590795 -0.769953705484 0.173648177667,
                -0.46811743532 0.175687412041 0.866025403784,
                -0.576886211804 -0.504010304919 0.642787609687,
                0.209101279609 -0.916132564875 0.342020143326,
                -0.236357346254 0.247210402921 0.939692620786,
                0.963962860696 -0.266036845567 0,
                -0.619623383053 -0.17100518805 0.766044443119,
                -0.19270878168 -0.844312338808 0.5,
                -0.0536602379413 0.165149230913 0.984807753012,
                0.741630618293 -0.647943158312 0.173648177667,
                -0.491964794299 0.0892784473993 0.866025403784,
                -0.477620898055 -0.5989176626 0.642787609687,
                0.369322722029 -0.864073462474 0.342020143326,
                -0.276700108369 0.201034396234 0.939692620786,
                0.995974293995 -0.0896393089034 0,
                -0.579131625001 -0.278895091549 0.766044443119,
                -0.03885408282 -0.865153373829 0.5,
                -0.0822864296919 0.152913809369 0.984807753012,
                0.845407027503 -0.505107184904 0.173648177667,
                -0.5 0 0.866025403784,
                -0.363004455656 -0.674575313814 0.642787609687,
                0.517673828284 -0.784242328027 0.342020143326,
                -0.308149501332 0.14839697864 0.939692620786,
                -0.52002610001 -0.37782107733 0.766044443119,
                0.116249418231 -0.858187667565 0.5,
                -0.108267867887 0.135763612173 0.984807753012,
                0.922011359246 -0.346036650969 0.173648177667,
                -0.491964794299 -0.0892784473993 0.866025403784,
                -0.23672075137 -0.7285515594 0.642787609687,
                0.649386471754 -0.679204999881 0.342020143326,
                -0.329694715776 0.0909899600506 0.939692620786,
                -0.444206508286 -0.464603582813 0.766044443119,
                0.26761656733 -0.823639103546 0.5,
                -0.130769487724 0.114249860776 0.984807753012,
                0.96898148727 -0.175844214351 0.173648177667,
                -0.46811743532 -0.175687412041 0.866025403784,
                -0.102828647361 -0.759111558412 0.642787609687,
                0.760227299705 -0.552337464186 0.342020143326,
                -0.340643270781 0.0306584492788 0.939692620786,
                -0.354109753891 -0.536453346868 0.766044443119,
                0.410382299759 -0.762618101047 0.5,
                -0.149068068629 0.0890640248482 0.984807753012,
                -0.429224396801 -0.256449638703 0.866025403784,
                0.0343684539815 -0.765273087338 0.642787609687,
                0.846633796726 -0.407717347928 0.342020143326,
                -0.340643270781 -0.0306584492788 0.939692620786,
                -0.252631620644 -0.591061058959 0.766044443119,
                0.53995800741 -0.677085925296 0.5,
                -0.162575479155 0.0610155978798 0.984807753012,
                -0.376535733002 -0.32896936297 0.866025403784,
                0.170460924935 -0.746838109568 0.642787609687,
                0.905828786908 -0.249992860636 0.342020143326,
                -0.329694715776 -0.0909899600506 0.939692620786,
                -0.143033699243 -0.626671582288 0.766044443119,
                0.652179020424 -0.569791650797 0.5,
                -0.170857580013 0.0310060793916 0.984807753012,
                -0.311744900929 -0.390915741234 0.866025403784,
                0.301074641505 -0.704399140457 0.642787609687,
                0.93590969456 -0.0842333971089 0.342020143326,
                -0.308149501332 -0.14839697864 0.939692620786,
                -0.02883855706 -0.642140365336 0.766044443119,
                0.743438463107 -0.444183803816 0.5,
                -0.173648177667 0 0.984807753012,
                -0.236934331236 -0.440297765928 0.866025403784,
                0.422011571372 -0.639320203389 0.642787609687,
                -0.276700108369 -0.201034396234 0.939692620786,
                0.0862834800753 -0.636970228686 0.766044443119,
                0.810803181883 -0.304299523905 0.5,
                -0.170857580013 -0.0310060793916 0.984807753012,
                -0.154508497187 -0.475528258148 0.866025403784,
                0.529384702103 -0.55369298895 0.642787609687,
                -0.236357346254 -0.247210402921 0.939692620786,
                0.198632295167 -0.611327344786 0.766044443119,
                0.852108019262 -0.154634806916 0.5,
                -0.162575479155 -0.0610155978798 0.984807753012,
                -0.0671166329088 -0.495474880884 0.866025403784,
                0.61974297293 -0.450269626266 0.642787609687,
                -0.188417864554 -0.285440863854 0.939692620786,
                0.304596904856 -0.566035897023 0.766044443119,
                -0.149068068629 -0.0890640248482 0.984807753012,
                0.0224324151753 -0.499496533271 0.866025403784,
                0.69018219468 -0.332374227311 0.642787609687,
                -0.134422477657 -0.31449702056 0.939692620786,
                0.400771519401 -0.502551589793 0.766044443119,
                -0.130769487724 -0.114249860776 0.984807753012,
                0.111260466978 -0.487463956091 0.866025403784,
                0.738438392809 -0.203796047211 0.642787609687,
                -0.0761066417247 -0.333444984257 0.939692620786,
                0.484065007556 -0.422914860967 0.766044443119,
                -0.108267867887 -0.135763612173 0.984807753012,
                0.196512515827 -0.459763886276 0.866025403784,
                0.762960573404 -0.0686676944705 0.642787609687,
                -0.0153446757068 -0.3416757518 0.939692620786,
                0.551800248078 -0.329685300534 0.766044443119,
                -0.0822864296919 -0.152913809369 0.984807753012,
                0.275448490726 -0.417286626861 0.866025403784,
                0.045910480814 -0.338924779548 0.939692620786,
                0.601800174604 -0.225859383275 0.766044443119,
                -0.0536602379413 -0.165149230913 0.984807753012,
                0.345531324493 -0.361397431914 0.866025403784,
                0.105690036706 -0.325280486014 0.939692620786,
                0.632457748355 -0.114774159601 0.766044443119,
                -0.0233093619915 -0.17207662029 0.984807753012,
                0.404508497187 -0.293892626146 0.866025403784,
                0.162072627857 -0.301181410018 0.939692620786,
                0.0077906960317 -0.173473325507 0.984807753012,
                0.450484433951 -0.216941869559 0.866025403784,
                0.213246071394 -0.26740211569 0.939692620786,
                0.0386403546743 -0.169294455307 0.984807753012,
                0.481981430348 -0.133018422783 0.866025403784,
                0.257565610737 -0.225028297345 0.939692620786,
                0.0682480805242 -0.159674322018 0.984807753012,
                0.497987146998 -0.0448196544517 0.866025403784,
                0.293606779425 -0.17542188437 0.939692620786,
                0.0956622569114 -0.144922124638 0.984807753012,
                0.320211184643 -0.120177267693 0.939692620786,
                0.12000176965 -0.125512010931 0.984807753012,
                0.336523738915 -0.0610700547508 0.939692620786,
                0.140484326775 -0.10206783792 0.984807753012,
                0.156451602046 -0.0753431206171 0.984807753012,
                0.167390394098 -0.0461968134249 0.984807753012,
                0.172949121155 -0.0155657026384 0.984807753012
              ]
            }
          }
        }
        Transform {
          translation -7.5 -7.5 8
          rotation    0 0 1 0
          children [
            DEF glass_plate Group {
              children [
                Shape {
                  appearance DEF _materialFace_MEDIUMTURQUOISE Appearance {
                    material Material {
                      diffuseColor      0.3 0.8 0.9
                    }
                  }
                  geometry IndexedFaceSet {
                    solid       FALSE
                    convex      FALSE
                    coord Coordinate {
                      point [
                        0 0 0,
                        0 0 3,
                        0 15 0,
                        0 15 3
                      ]
                    }
                    coordIndex [
                      1,2,0, -1,
                      1,3,2, -1
                    ]
                    normal Normal {
                      vector [
                        -1 0 0,
                        -1 0 0,
                        -1 0 0,
                        -1 0 0
                      ]
                    }
                  }
                }
                Shape {
                  appearance USE _materialFace_MEDIUMTURQUOISE
                  geometry IndexedFaceSet {
                    solid       FALSE
                    convex      FALSE
                    coord Coordinate {
                      point [
                        15 0 0,
                        15 0 3,
                        15 15 0,
                        15 15 3
                      ]
                    }
                    coordIndex [
                      1,0,2, -1,
                      1,2,3, -1
                    ]
                    normal Normal {
                      vector [
                        1 0 0,
                        1 0 0,
                        1 0 0,
                        1 0 0
                      ]
                    }
                  }
                }
                Shape {
                  appearance USE _materialFace_MEDIUMTURQUOISE
                  geometry IndexedFaceSet {
                    solid       FALSE
                    convex      FALSE
                    coord Coordinate {
                      point [
                        0 0 0,
                        15 0 0,
                        0 0 3,
                        15 0 3
                      ]
                    }
                    coordIndex [
                      3,0,1, -1,
                      3,2,0, -1
                    ]
                    normal Normal {
                      vector [
                        0 -1 0,
                        0 -1 0,
                        0 -1 0,
                        0 -1 0
                      ]
                    }
                  }
                }
                Shape {
                  appearance USE _materialFace_MEDIUMTURQUOISE
                  geometry IndexedFaceSet {
                    solid       FALSE
                    convex      FALSE
                    coord Coordinate {
                      point [
                        0 15 0,
                        15 15 0,
                        0 15 3,
                        15 15 3
                      ]
                    }
                    coordIndex [
                      3,1,0, -1,
                      3,0,2, -1
                    ]
                    normal Normal {
                      vector [
                        0 1 0,
                        0 1 0,
                        0 1 0,
                        0 1 0
                      ]
                    }
                  }
                }
                Shape {
                  appearance USE _materialFace_MEDIUMTURQUOISE
                  geometry IndexedFaceSet {
                    solid       FALSE
                    convex      FALSE
                    coord Coordinate {
                      point [
                        0 0 0,
                        0 15 0,
                        15 0 0,
                        15 15 0
                      ]
                    }
                    coordIndex [
                      3,0,1, -1,
                      3,2,0, -1
                    ]
                    normal Normal {
                      vector [
                        0 0 -1,
                        0 0 -1,
                        0 0 -1,
                        0 0 -1
                      ]
                    }
                  }
                }
                Shape {
                  appearance USE _materialFace_MEDIUMTURQUOISE
                  geometry IndexedFaceSet {
                    solid       FALSE
                    convex      FALSE
                    coord Coordinate {
                      point [
                        0 0 3,
                        0 15 3,
                        15 0 3,
                        15 15 3
                      ]
                    }
                    coordIndex [
                      3,1,0, -1,
                      3,0,2, -1
                    ]
                    normal Normal {
                      vector [
                        0 0 1,
                        0 0 1,
                        0 0 1,
                        0 0 1
                      ]
                    }
                  }
                }
              ]
            }
          ]
        }
      ]
    }
  ]
}
